1670226828.000000, IBI
33.406250,0.671875
63.734375,0.812500
64.515625,0.781250
65.281250,0.765625
66.078125,0.796875
66.953125,0.875000
67.890625,0.937500
68.796875,0.906250
69.578125,0.781250
70.359375,0.781250
71.156250,0.796875
72.125000,0.968750
85.046875,0.875000
90.562500,0.968750
118.812500,0.953125
119.734375,0.921875
120.656250,0.921875
121.578125,0.921875
122.531250,0.953125
123.453125,0.921875
124.328125,0.875000
130.390625,0.718750
131.187500,0.796875
140.671875,1.000000
141.578125,0.906250
142.578125,1.000000
152.984375,0.859375
153.906250,0.921875
154.765625,0.859375
155.593750,0.828125
164.390625,1.437500
168.718750,0.781250
178.468750,0.875000
179.500000,1.031250
180.453125,0.953125
181.390625,0.937500
182.515625,1.125000
183.500000,0.984375
191.968750,0.937500
192.953125,0.984375
193.921875,0.968750
194.921875,1.000000
195.859375,0.937500
201.125000,0.859375
207.468750,0.953125
208.421875,0.953125
209.375000,0.953125
210.218750,0.843750
211.218750,1.000000
211.984375,0.765625
212.828125,0.843750
213.687500,0.859375
214.578125,0.890625
215.500000,0.921875
216.390625,0.890625
217.328125,0.937500
218.265625,0.937500
219.218750,0.953125
220.109375,0.890625
221.000000,0.890625
221.921875,0.921875
222.796875,0.875000
223.640625,0.843750
224.515625,0.875000
225.390625,0.875000
226.312500,0.921875
227.218750,0.906250
233.953125,0.921875
234.828125,0.875000
235.718750,0.890625
236.640625,0.921875
237.578125,0.937500
238.468750,0.890625
239.390625,0.921875
240.328125,0.937500
241.281250,0.953125
242.187500,0.906250
247.765625,0.937500
248.875000,1.109375
260.734375,0.890625
261.671875,0.937500
262.656250,0.984375
299.937500,1.015625
300.890625,0.953125
301.765625,0.875000
302.687500,0.921875
311.421875,0.968750
312.406250,0.984375
313.406250,1.000000
322.687500,0.968750
323.640625,0.953125
341.906250,0.843750
359.781250,0.921875
360.640625,0.859375
361.500000,0.859375
362.578125,1.078125
363.484375,0.906250
364.406250,0.921875
365.328125,0.921875
366.250000,0.921875
367.218750,0.968750
368.156250,0.937500
369.031250,0.875000
369.984375,0.953125
370.953125,0.968750
378.421875,0.953125
379.359375,0.937500
380.343750,0.984375
381.343750,1.000000
382.296875,0.953125
383.281250,0.984375
384.312500,1.031250
385.281250,0.968750
404.312500,0.828125
404.953125,0.640625
418.250000,0.625000
418.906250,0.656250
419.593750,0.687500
420.250000,0.656250
420.937500,0.687500
421.625000,0.687500
422.312500,0.687500
423.000000,0.687500
423.687500,0.687500
424.359375,0.671875
593.406250,0.859375
594.296875,0.890625
595.218750,0.921875
596.140625,0.921875
597.046875,0.906250
597.953125,0.906250
615.343750,0.875000
616.171875,0.828125
672.546875,0.984375
673.531250,0.984375
674.453125,0.921875
675.406250,0.953125
676.375000,0.968750
677.359375,0.984375
678.281250,0.921875
679.250000,0.968750
680.234375,0.984375
681.187500,0.953125
682.125000,0.937500
683.078125,0.953125
684.046875,0.968750
699.843750,0.828125
700.703125,0.859375
701.609375,0.906250
702.484375,0.875000
703.375000,0.890625
704.187500,0.812500
709.328125,0.875000
710.171875,0.843750
710.953125,0.781250
711.640625,0.687500
712.312500,0.671875
713.062500,0.750000
718.687500,0.843750
719.515625,0.828125
720.359375,0.843750
721.203125,0.843750
722.046875,0.843750
722.906250,0.859375
724.000000,1.093750
724.953125,0.953125
725.937500,0.984375
726.953125,1.015625
727.953125,1.000000
728.937500,0.984375
729.921875,0.984375
730.843750,0.921875
731.609375,0.765625
732.437500,0.828125
733.328125,0.890625
734.265625,0.937500
735.265625,1.000000
736.218750,0.953125
737.187500,0.968750
738.203125,1.015625
739.171875,0.968750
749.703125,1.000000
750.703125,1.000000
751.625000,0.921875
752.609375,0.984375
753.531250,0.921875
754.421875,0.890625
755.328125,0.906250
756.296875,0.968750
757.296875,1.000000
758.281250,0.984375
759.265625,0.984375
760.234375,0.968750
761.218750,0.984375
762.203125,0.984375
763.171875,0.968750
764.156250,0.984375
765.140625,0.984375
766.125000,0.984375
767.078125,0.953125
768.000000,0.921875
768.921875,0.921875
769.843750,0.921875
770.734375,0.890625
771.640625,0.906250
772.593750,0.953125
773.546875,0.953125
774.500000,0.953125
775.437500,0.937500
776.406250,0.968750
777.359375,0.953125
778.250000,0.890625
779.171875,0.921875
780.125000,0.953125
781.078125,0.953125
781.984375,0.906250
782.875000,0.890625
783.781250,0.906250
784.703125,0.921875
785.625000,0.921875
786.531250,0.906250
787.484375,0.953125
788.437500,0.953125
789.343750,0.906250
790.234375,0.890625
791.156250,0.921875
792.093750,0.937500
792.984375,0.890625
793.812500,0.828125
794.687500,0.875000
795.578125,0.890625
796.375000,0.796875
797.156250,0.781250
798.000000,0.843750
798.875000,0.875000
799.765625,0.890625
800.625000,0.859375
801.515625,0.890625
802.437500,0.921875
803.390625,0.953125
804.343750,0.953125
805.265625,0.921875
806.187500,0.921875
807.093750,0.906250
808.015625,0.921875
808.906250,0.890625
809.796875,0.890625
810.687500,0.890625
811.593750,0.906250
812.500000,0.906250
813.375000,0.875000
814.250000,0.875000
815.140625,0.890625
816.078125,0.937500
817.000000,0.921875
817.875000,0.875000
818.796875,0.921875
819.750000,0.953125
820.671875,0.921875
821.531250,0.859375
822.453125,0.921875
823.343750,0.890625
824.328125,0.984375
828.812500,0.875000
829.703125,0.890625
830.625000,0.921875
831.546875,0.921875
832.437500,0.890625
833.343750,0.906250
834.281250,0.937500
835.218750,0.937500
836.187500,0.968750
837.109375,0.921875
838.062500,0.953125
839.046875,0.984375
840.015625,0.968750
840.921875,0.906250
841.859375,0.937500
842.812500,0.953125
843.765625,0.953125
844.703125,0.937500
845.671875,0.968750
846.656250,0.984375
847.625000,0.968750
848.609375,0.984375
849.609375,1.000000
850.593750,0.984375
851.562500,0.968750
858.031250,0.812500
858.843750,0.812500
859.625000,0.781250
860.421875,0.796875
861.218750,0.796875
862.046875,0.828125
862.843750,0.796875
863.625000,0.781250
864.468750,0.843750
865.343750,0.875000
866.187500,0.843750
878.734375,0.968750
879.671875,0.937500
880.625000,0.953125
881.593750,0.968750
882.546875,0.953125
883.500000,0.953125
884.468750,0.968750
885.437500,0.968750
886.406250,0.968750
887.328125,0.921875
888.281250,0.953125
889.218750,0.937500
890.203125,0.984375
891.125000,0.921875
892.093750,0.968750
893.078125,0.984375
894.062500,0.984375
894.984375,0.921875
895.953125,0.968750
896.906250,0.953125
897.828125,0.921875
898.718750,0.890625
899.640625,0.921875
905.078125,0.750000
909.203125,0.828125
910.078125,0.875000
911.015625,0.937500
911.953125,0.937500
912.890625,0.937500
913.828125,0.937500
914.781250,0.953125
915.718750,0.937500
916.640625,0.921875
917.562500,0.921875
918.484375,0.921875
919.406250,0.921875
920.343750,0.937500
921.296875,0.953125
922.203125,0.906250
923.156250,0.953125
924.156250,1.000000
925.140625,0.984375
926.109375,0.968750
927.015625,0.906250
927.953125,0.937500
928.937500,0.984375
929.906250,0.968750
930.859375,0.953125
931.765625,0.906250
937.687500,0.843750
938.546875,0.859375
939.421875,0.875000
940.343750,0.921875
941.187500,0.843750
942.046875,0.859375
942.937500,0.890625
943.843750,0.906250
944.750000,0.906250
945.625000,0.875000
946.531250,0.906250
947.421875,0.890625
948.312500,0.890625
949.171875,0.859375
949.953125,0.781250
950.734375,0.781250
951.546875,0.812500
952.375000,0.828125
953.203125,0.828125
954.031250,0.828125
954.906250,0.875000
955.796875,0.890625
956.703125,0.906250
957.562500,0.859375
958.406250,0.843750
959.265625,0.859375
960.171875,0.906250
961.015625,0.843750
961.765625,0.750000
962.515625,0.750000
963.296875,0.781250
964.109375,0.812500
965.000000,0.890625
965.906250,0.906250
966.781250,0.875000
967.687500,0.906250
968.640625,0.953125
969.562500,0.921875
970.453125,0.890625
971.359375,0.906250
972.265625,0.906250
973.171875,0.906250
974.078125,0.906250
975.015625,0.937500
975.968750,0.953125
976.890625,0.921875
977.796875,0.906250
978.750000,0.953125
979.687500,0.937500
980.656250,0.968750
981.546875,0.890625
982.453125,0.906250
983.406250,0.953125
984.343750,0.937500
985.265625,0.921875
986.203125,0.937500
987.125000,0.921875
988.062500,0.937500
988.953125,0.890625
989.890625,0.937500
990.796875,0.906250
991.687500,0.890625
992.546875,0.859375
993.453125,0.906250
994.359375,0.906250
995.281250,0.921875
996.140625,0.859375
997.031250,0.890625
997.937500,0.906250
998.812500,0.875000
999.625000,0.812500
1000.515625,0.890625
1001.437500,0.921875
1002.375000,0.937500
1003.234375,0.859375
1004.140625,0.906250
1005.046875,0.906250
1005.968750,0.921875
1006.843750,0.875000
1007.750000,0.906250
1008.671875,0.921875
1009.562500,0.890625
1010.406250,0.843750
1011.312500,0.906250
1012.218750,0.906250
1013.125000,0.906250
1014.000000,0.875000
1014.875000,0.875000
1015.765625,0.890625
1016.687500,0.921875
1023.812500,0.906250
1024.671875,0.859375
1025.500000,0.828125
1026.375000,0.875000
1027.265625,0.890625
1028.125000,0.859375
1029.000000,0.875000
1029.921875,0.921875
1030.843750,0.921875
1031.781250,0.937500
1032.640625,0.859375
1033.515625,0.875000
1034.390625,0.875000
1035.265625,0.875000
1036.093750,0.828125
1036.937500,0.843750
1037.812500,0.875000
1038.718750,0.906250
1039.593750,0.875000
1040.468750,0.875000
1041.375000,0.906250
1042.281250,0.906250
1043.187500,0.906250
1044.015625,0.828125
1044.906250,0.890625
1045.812500,0.906250
1046.718750,0.906250
1047.593750,0.875000
1048.531250,0.937500
1049.437500,0.906250
1050.328125,0.890625
1051.234375,0.906250
1052.156250,0.921875
1070.312500,0.843750
1075.375000,0.859375
1076.250000,0.875000
1077.156250,0.906250
1078.062500,0.906250
1078.937500,0.875000
1079.843750,0.906250
1080.750000,0.906250
1081.671875,0.921875
1082.578125,0.906250
1083.421875,0.843750
1084.328125,0.906250
1085.203125,0.875000
1085.906250,0.703125
1090.531250,0.875000
1091.437500,0.906250
1100.406250,0.921875
1101.250000,0.843750
1102.125000,0.875000
1103.000000,0.875000
1103.921875,0.921875
1104.765625,0.843750
1113.031250,0.953125
1113.984375,0.953125
1114.921875,0.937500
1115.859375,0.937500
1116.796875,0.937500
1121.140625,0.875000
1132.781250,0.921875
1133.703125,0.921875
1134.578125,0.875000
1135.484375,0.906250
1136.421875,0.937500
1137.406250,0.984375
1138.375000,0.968750
1139.281250,0.906250
1140.234375,0.953125
1141.203125,0.968750
1142.109375,0.906250
1143.000000,0.890625
1143.937500,0.937500
1144.890625,0.953125
1145.765625,0.875000
1146.718750,0.953125
1147.687500,0.968750
1148.609375,0.921875
1149.531250,0.921875
1150.500000,0.968750
1151.484375,0.984375
1152.406250,0.921875
1153.328125,0.921875
1154.281250,0.953125
1155.281250,1.000000
1156.203125,0.921875
1157.187500,0.984375
1158.218750,1.031250
1159.265625,1.046875
1168.546875,1.000000
1169.546875,1.000000
1170.546875,1.000000
1171.531250,0.984375
1172.515625,0.984375
1173.546875,1.031250
1174.562500,1.015625
1175.546875,0.984375
1176.531250,0.984375
1177.515625,0.984375
1178.500000,0.984375
1179.437500,0.937500
1180.390625,0.953125
1181.343750,0.953125
1182.343750,1.000000
1183.250000,0.906250
1184.187500,0.937500
1185.171875,0.984375
1186.171875,1.000000
1187.125000,0.953125
1188.015625,0.890625
1188.953125,0.937500
1189.906250,0.953125
1190.859375,0.953125
1191.843750,0.984375
1196.390625,0.859375
1197.203125,0.812500
1197.984375,0.781250
1198.843750,0.859375
1199.750000,0.906250
1200.625000,0.875000
1201.546875,0.921875
1202.468750,0.921875
1203.390625,0.921875
1207.203125,0.937500
1208.156250,0.953125
1209.062500,0.906250
1210.000000,0.937500
1210.968750,0.968750
1211.906250,0.937500
1212.765625,0.859375
1213.718750,0.953125
1214.656250,0.937500
1215.640625,0.984375
1216.578125,0.937500
1217.562500,0.984375
1218.546875,0.984375
1219.515625,0.968750
1220.453125,0.937500
1221.406250,0.953125
1222.390625,0.984375
1223.375000,0.984375
1224.281250,0.906250
1225.234375,0.953125
1226.203125,0.968750
1227.156250,0.953125
1228.093750,0.937500
1229.015625,0.921875
1229.953125,0.937500
1230.890625,0.937500
1231.781250,0.890625
1232.640625,0.859375
1233.562500,0.921875
1234.484375,0.921875
1235.406250,0.921875
1236.296875,0.890625
1237.234375,0.937500
1238.187500,0.953125
1239.125000,0.937500
1240.046875,0.921875
1241.000000,0.953125
1241.984375,0.984375
1242.968750,0.984375
1243.937500,0.968750
1244.890625,0.953125
1245.859375,0.968750
1246.828125,0.968750
1247.796875,0.968750
1248.703125,0.906250
1249.671875,0.968750
1250.671875,1.000000
1251.687500,1.015625
1252.640625,0.953125
1253.609375,0.968750
1254.562500,0.953125
1255.484375,0.921875
1256.390625,0.906250
1257.328125,0.937500
1258.296875,0.968750
1259.265625,0.968750
1260.187500,0.921875
1261.171875,0.984375
1262.156250,0.984375
1263.171875,1.015625
1264.156250,0.984375
1265.156250,1.000000
1266.171875,1.015625
1267.203125,1.031250
1268.203125,1.000000
1269.234375,1.031250
1270.250000,1.015625
1271.265625,1.015625
1272.234375,0.968750
1273.187500,0.953125
1274.156250,0.968750
1275.093750,0.937500
1276.046875,0.953125
1276.937500,0.890625
1277.890625,0.953125
1278.890625,1.000000
1279.890625,1.000000
1280.843750,0.953125
1281.781250,0.937500
1282.765625,0.984375
1283.765625,1.000000
1284.734375,0.968750
1285.656250,0.921875
1286.562500,0.906250
1287.484375,0.921875
1288.390625,0.906250
1289.250000,0.859375
1290.140625,0.890625
1291.031250,0.890625
1291.937500,0.906250
1292.781250,0.843750
1293.656250,0.875000
1294.609375,0.953125
1295.531250,0.921875
1296.500000,0.968750
1297.468750,0.968750
1298.468750,1.000000
1299.453125,0.984375
1300.421875,0.968750
1301.265625,0.843750
1305.171875,0.890625
1306.109375,0.937500
1307.062500,0.953125
1308.031250,0.968750
1308.875000,0.843750
1309.765625,0.890625
1310.687500,0.921875
1311.640625,0.953125
1312.609375,0.968750
1313.562500,0.953125
1314.546875,0.984375
1315.500000,0.953125
1316.312500,0.812500
1317.406250,1.093750
1318.359375,0.953125
1319.312500,0.953125
1320.281250,0.968750
1321.281250,1.000000
1331.359375,1.031250
1332.359375,1.000000
1333.406250,1.046875
1334.437500,1.031250
1340.078125,0.906250
1340.937500,0.859375
1341.781250,0.843750
1342.718750,0.937500
1343.671875,0.953125
1344.609375,0.937500
1345.593750,0.984375
1346.578125,0.984375
1347.578125,1.000000
1348.515625,0.937500
1349.484375,0.968750
1350.500000,1.015625
1351.500000,1.000000
1352.421875,0.921875
1353.375000,0.953125
1354.375000,1.000000
1355.375000,1.000000
1356.390625,1.015625
1357.359375,0.968750
1358.343750,0.984375
1359.343750,1.000000
1360.328125,0.984375
1361.265625,0.937500
1362.250000,0.984375
1411.296875,0.890625
1412.234375,0.937500
1413.125000,0.890625
1414.015625,0.890625
1414.812500,0.796875
1415.656250,0.843750
1416.593750,0.937500
1417.562500,0.968750
1418.421875,0.859375
1419.218750,0.796875
1420.125000,0.906250
1421.000000,0.875000
1421.937500,0.937500
1422.890625,0.953125
1423.859375,0.968750
1424.781250,0.921875
1425.765625,0.984375
1426.781250,1.015625
1427.812500,1.031250
1428.750000,0.937500
1429.703125,0.953125
1435.468750,1.015625
1436.468750,1.000000
1437.390625,0.921875
1438.343750,0.953125
1439.171875,0.828125
1440.078125,0.906250
1440.984375,0.906250
1441.906250,0.921875
1442.765625,0.859375
1443.609375,0.843750
1444.515625,0.906250
1445.437500,0.921875
1446.375000,0.937500
1447.281250,0.906250
1448.171875,0.890625
1449.015625,0.843750
1449.906250,0.890625
1450.812500,0.906250
1451.687500,0.875000
1452.515625,0.828125
1453.406250,0.890625
1454.250000,0.843750
1455.046875,0.796875
1477.062500,0.937500
1478.015625,0.953125
1478.937500,0.921875
1514.265625,0.968750
1515.203125,0.937500
1516.031250,0.828125
1516.984375,0.953125
1517.828125,0.843750
1518.734375,0.906250
1519.656250,0.921875
1525.125000,0.906250
1526.046875,0.921875
1526.953125,0.906250
1527.859375,0.906250
1528.750000,0.890625
1529.468750,0.718750
1540.734375,0.906250
1541.703125,0.968750
1542.640625,0.937500
1543.500000,0.859375
1544.390625,0.890625
1545.328125,0.937500
1546.250000,0.921875
1547.156250,0.906250
1548.109375,0.953125
1549.140625,1.031250
1550.156250,1.015625
1551.125000,0.968750
1552.156250,1.031250
1553.203125,1.046875
1554.250000,1.046875
1555.234375,0.984375
1556.234375,1.000000
1557.250000,1.015625
1558.250000,1.000000
1559.171875,0.921875
1560.140625,0.968750
1561.171875,1.031250
1562.203125,1.031250
1563.156250,0.953125
1564.156250,1.000000
1565.359375,1.203125
1590.437500,0.968750
1591.437500,1.000000
1592.421875,0.984375
1593.421875,1.000000
1594.359375,0.937500
1595.328125,0.968750
1596.296875,0.968750
1597.296875,1.000000
1598.250000,0.953125
1599.203125,0.953125
1600.203125,1.000000
1601.218750,1.015625
1602.171875,0.953125
1603.125000,0.953125
1604.093750,0.968750
1605.093750,1.000000
1606.015625,0.921875
1606.984375,0.968750
1607.953125,0.968750
1608.921875,0.968750
1609.859375,0.937500
1610.843750,0.984375
1611.843750,1.000000
1612.796875,0.953125
1613.718750,0.921875
1614.671875,0.953125
1615.593750,0.921875
1616.546875,0.953125
1617.484375,0.937500
1618.437500,0.953125
1619.437500,1.000000
1626.140625,0.953125
1651.484375,0.984375
1652.406250,0.921875
1653.375000,0.968750
1654.375000,1.000000
1655.390625,1.015625
1656.406250,1.015625
1657.406250,1.000000
1672.734375,0.859375
1673.656250,0.921875
1674.609375,0.953125
1675.531250,0.921875
1676.468750,0.937500
1677.437500,0.968750
1678.375000,0.937500
1679.281250,0.906250
1680.187500,0.906250
1681.125000,0.937500
1682.031250,0.906250
1691.859375,0.765625
1692.656250,0.796875
1693.562500,0.906250
1694.531250,0.968750
1695.562500,1.031250
1696.546875,0.984375
1697.593750,1.046875
1698.578125,0.984375
1699.578125,1.000000
1700.546875,0.968750
1701.531250,0.984375
1702.500000,0.968750
1703.468750,0.968750
1704.421875,0.953125
1705.375000,0.953125
1706.343750,0.968750
1707.328125,0.984375
1708.281250,0.953125
1709.218750,0.937500
1710.218750,1.000000
1711.187500,0.968750
1720.531250,0.984375
1721.468750,0.937500
1722.406250,0.937500
1723.390625,0.984375
1724.406250,1.015625
1725.390625,0.984375
1726.375000,0.984375
1727.359375,0.984375
1728.343750,0.984375
1729.359375,1.015625
1730.312500,0.953125
1731.296875,0.984375
1732.343750,1.046875
1733.390625,1.046875
1734.421875,1.031250
1735.437500,1.015625
1736.453125,1.015625
1737.468750,1.015625
1738.453125,0.984375
1739.390625,0.937500
1770.843750,0.890625
1771.796875,0.953125
1772.781250,0.984375
1773.750000,0.968750
1774.703125,0.953125
1775.656250,0.953125
1776.609375,0.953125
1777.593750,0.984375
1778.562500,0.968750
1779.500000,0.937500
1780.453125,0.953125
1781.406250,0.953125
1782.390625,0.984375
1783.375000,0.984375
1784.281250,0.906250
1785.250000,0.968750
1786.250000,1.000000
1787.203125,0.953125
1788.156250,0.953125
1789.140625,0.984375
1790.125000,0.984375
1791.046875,0.921875
1791.984375,0.937500
1792.937500,0.953125
1793.921875,0.984375
1794.796875,0.875000
1795.750000,0.953125
1796.718750,0.968750
1797.718750,1.000000
1798.640625,0.921875
1799.609375,0.968750
1800.609375,1.000000
1801.593750,0.984375
1802.500000,0.906250
1803.484375,0.984375
1818.640625,0.812500
1819.437500,0.796875
1820.250000,0.812500
1821.109375,0.859375
1821.968750,0.859375
1822.859375,0.890625
1823.750000,0.890625
1824.656250,0.906250
1825.609375,0.953125
1826.578125,0.968750
1827.546875,0.968750
1828.468750,0.921875
1829.406250,0.937500
1830.343750,0.937500
1831.296875,0.953125
1832.171875,0.875000
1833.062500,0.890625
1833.968750,0.906250
1834.875000,0.906250
1835.718750,0.843750
1836.625000,0.906250
1837.609375,0.984375
1838.484375,0.875000
1839.359375,0.875000
1840.281250,0.921875
1841.250000,0.968750
1842.109375,0.859375
1842.968750,0.859375
1843.859375,0.890625
1844.796875,0.937500
1845.750000,0.953125
1846.656250,0.906250
1847.593750,0.937500
1848.687500,1.093750
1863.062500,0.968750
1864.015625,0.953125
1864.968750,0.953125
1865.968750,1.000000
1867.000000,1.031250
1868.000000,1.000000
1877.156250,0.968750
1878.187500,1.031250
1898.531250,0.828125
1899.343750,0.812500
1900.171875,0.828125
1901.015625,0.843750
1901.859375,0.843750
1902.703125,0.843750
1903.593750,0.890625
1904.531250,0.937500
1905.437500,0.906250
1906.375000,0.937500
1907.281250,0.906250
1908.125000,0.843750
1908.890625,0.765625
1909.593750,0.703125
1910.312500,0.718750
1911.078125,0.765625
1911.968750,0.890625
1912.937500,0.968750
1914.015625,1.078125
1915.031250,1.015625
1916.062500,1.031250
1917.125000,1.062500
1918.171875,1.046875
1923.500000,0.828125
1924.343750,0.843750
1925.296875,0.953125
1930.765625,0.984375
1931.687500,0.921875
1980.531250,0.859375
1981.406250,0.875000
1982.312500,0.906250
1983.250000,0.937500
1984.187500,0.937500
1985.093750,0.906250
1986.234375,1.140625
1987.250000,1.015625
1988.218750,0.968750
1989.171875,0.953125
1990.125000,0.953125
1991.062500,0.937500
1991.937500,0.875000
1992.812500,0.875000
1993.671875,0.859375
1994.546875,0.875000
1995.453125,0.906250
1996.328125,0.875000
1997.234375,0.906250
1998.140625,0.906250
1998.890625,0.750000
1999.859375,0.968750
2000.656250,0.796875
2001.500000,0.843750
2002.390625,0.890625
2007.703125,0.843750
2008.625000,0.921875
2009.562500,0.937500
2010.531250,0.968750
2011.546875,1.015625
2012.515625,0.968750
2013.468750,0.953125
2014.406250,0.937500
2015.343750,0.937500
2016.218750,0.875000
2017.031250,0.812500
2017.921875,0.890625
2018.843750,0.921875
2019.781250,0.937500
2020.703125,0.921875
2021.656250,0.953125
2022.640625,0.984375
2023.609375,0.968750
2024.546875,0.937500
2025.484375,0.937500
2026.406250,0.921875
2027.328125,0.921875
2028.203125,0.875000
2029.109375,0.906250
2030.031250,0.921875
2030.937500,0.906250
2031.812500,0.875000
2032.718750,0.906250
2033.640625,0.921875
2034.562500,0.921875
2035.406250,0.843750
2036.312500,0.906250
2037.203125,0.890625
2038.093750,0.890625
2038.937500,0.843750
2039.781250,0.843750
2040.625000,0.843750
2041.437500,0.812500
2042.265625,0.828125
2043.093750,0.828125
2043.968750,0.875000
2044.828125,0.859375
2045.718750,0.890625
2046.750000,1.031250
2047.625000,0.875000
2048.437500,0.812500
2049.265625,0.828125
2050.093750,0.828125
2050.906250,0.812500
2051.687500,0.781250
2052.500000,0.812500
2053.312500,0.812500
2054.140625,0.828125
2054.953125,0.812500
2055.796875,0.843750
2056.640625,0.843750
2057.468750,0.828125
2058.234375,0.765625
2059.031250,0.796875
2059.843750,0.812500
2060.703125,0.859375
2061.531250,0.828125
2062.359375,0.828125
2063.203125,0.843750
2064.062500,0.859375
2064.937500,0.875000
2065.765625,0.828125
2066.609375,0.843750
2067.468750,0.859375
2068.343750,0.875000
2069.187500,0.843750
2070.093750,0.906250
2070.984375,0.890625
2071.875000,0.890625
2072.750000,0.875000
2073.625000,0.875000
2074.546875,0.921875
2075.421875,0.875000
2076.328125,0.906250
2077.234375,0.906250
2078.140625,0.906250
2078.984375,0.843750
2079.828125,0.843750
2080.687500,0.859375
2081.484375,0.796875
2082.281250,0.796875
2083.125000,0.843750
2083.984375,0.859375
2084.859375,0.875000
2085.750000,0.890625
2086.656250,0.906250
2087.390625,0.734375
2092.031250,0.734375
2092.796875,0.765625
2093.593750,0.796875
2094.375000,0.781250
2095.125000,0.750000
2095.875000,0.750000
2096.671875,0.796875
2097.515625,0.843750
2098.437500,0.921875
2099.375000,0.937500
2100.265625,0.890625
2101.171875,0.906250
2102.078125,0.906250
2102.968750,0.890625
2103.859375,0.890625
2104.734375,0.875000
2105.625000,0.890625
2106.515625,0.890625
2107.421875,0.906250
2108.328125,0.906250
2109.234375,0.906250
2110.125000,0.890625
2110.984375,0.859375
2111.859375,0.875000
2112.703125,0.843750
2113.531250,0.828125
2114.343750,0.812500
2115.187500,0.843750
2116.015625,0.828125
2116.843750,0.828125
2117.656250,0.812500
2118.500000,0.843750
2119.375000,0.875000
2120.234375,0.859375
2121.046875,0.812500
2121.890625,0.843750
2122.734375,0.843750
2123.562500,0.828125
2124.375000,0.812500
2125.203125,0.828125
2126.031250,0.828125
2126.843750,0.812500
2127.656250,0.812500
2128.468750,0.812500
2129.312500,0.843750
2130.125000,0.812500
2130.968750,0.843750
2131.828125,0.859375
2132.687500,0.859375
2133.515625,0.828125
2134.375000,0.859375
2135.250000,0.875000
2136.125000,0.875000
2136.953125,0.828125
2137.812500,0.859375
2138.656250,0.843750
2139.484375,0.828125
2140.281250,0.796875
2141.093750,0.812500
2141.906250,0.812500
2142.718750,0.812500
2143.515625,0.796875
2144.343750,0.828125
2145.187500,0.843750
2146.031250,0.843750
2146.875000,0.843750
2147.734375,0.859375
2148.593750,0.859375
2149.421875,0.828125
2150.218750,0.796875
2151.015625,0.796875
2151.812500,0.796875
2152.593750,0.781250
2153.390625,0.796875
2154.234375,0.843750
2155.140625,0.906250
2156.062500,0.921875
2156.937500,0.875000
2157.843750,0.906250
2158.765625,0.921875
2159.640625,0.875000
2160.468750,0.828125
2161.265625,0.796875
2162.093750,0.828125
2162.828125,0.734375
2163.609375,0.781250
2164.375000,0.765625
2165.234375,0.859375
2166.109375,0.875000
2167.140625,1.031250
2168.046875,0.906250
2168.968750,0.921875
2169.875000,0.906250
2170.734375,0.859375
2171.609375,0.875000
2172.500000,0.890625
2173.375000,0.875000
2174.218750,0.843750
2175.062500,0.843750
2175.937500,0.875000
2176.812500,0.875000
2177.671875,0.859375
2178.546875,0.875000
2179.437500,0.890625
2180.328125,0.890625
2181.187500,0.859375
2182.046875,0.859375
2182.906250,0.859375
2183.765625,0.859375
2184.625000,0.859375
2185.468750,0.843750
2186.328125,0.859375
2187.125000,0.796875
2187.921875,0.796875
2188.734375,0.812500
2189.593750,0.859375
2190.468750,0.875000
2191.312500,0.843750
2192.187500,0.875000
2192.984375,0.796875
2193.750000,0.765625
2199.593750,0.750000
2200.421875,0.828125
2201.281250,0.859375
2202.140625,0.859375
2202.968750,0.828125
2203.796875,0.828125
2204.625000,0.828125
2205.484375,0.859375
2206.312500,0.828125
2207.156250,0.843750
2208.031250,0.875000
2208.953125,0.921875
2209.906250,0.953125
2210.828125,0.921875
2211.718750,0.890625
2212.609375,0.890625
2213.468750,0.859375
2214.312500,0.843750
2215.156250,0.843750
2216.015625,0.859375
2216.843750,0.828125
2217.671875,0.828125
2218.484375,0.812500
2219.328125,0.843750
2220.140625,0.812500
2220.968750,0.828125
2221.812500,0.843750
2222.671875,0.859375
2223.484375,0.812500
2224.312500,0.828125
2225.156250,0.843750
2226.015625,0.859375
2226.828125,0.812500
2227.656250,0.828125
2228.468750,0.812500
2229.265625,0.796875
2230.015625,0.750000
2230.765625,0.750000
2231.546875,0.781250
2232.359375,0.812500
2233.187500,0.828125
2234.031250,0.843750
2234.906250,0.875000
2235.781250,0.875000
2236.640625,0.859375
2237.500000,0.859375
2238.375000,0.875000
2239.203125,0.828125
2239.937500,0.734375
2240.656250,0.718750
2241.312500,0.656250
2242.031250,0.718750
2242.718750,0.687500
2243.546875,0.828125
2244.468750,0.921875
2245.406250,0.937500
2246.375000,0.968750
2247.328125,0.953125
2248.312500,0.984375
2249.281250,0.968750
2250.250000,0.968750
2251.187500,0.937500
2252.109375,0.921875
2252.984375,0.875000
2253.828125,0.843750
2270.859375,0.703125
2271.671875,0.812500
2279.906250,0.968750
2280.828125,0.921875
2281.734375,0.906250
2282.656250,0.921875
2283.562500,0.906250
2284.515625,0.953125
2302.390625,0.812500
2303.203125,0.812500
2304.031250,0.828125
2304.937500,0.906250
2305.812500,0.875000
2306.703125,0.890625
2307.625000,0.921875
2308.578125,0.953125
2309.328125,0.750000
2317.812500,0.718750
2318.546875,0.734375
2319.281250,0.734375
2326.609375,0.765625
2327.406250,0.796875
2328.234375,0.828125
2329.062500,0.828125
2329.906250,0.843750
2330.718750,0.812500
2331.546875,0.828125
2332.390625,0.843750
2333.234375,0.843750
2334.109375,0.875000
2334.968750,0.859375
2335.828125,0.859375
2336.703125,0.875000
2337.625000,0.921875
2338.562500,0.937500
2339.515625,0.953125
2340.421875,0.906250
2341.218750,0.796875
2342.015625,0.796875
2342.843750,0.828125
2343.734375,0.890625
2344.671875,0.937500
2345.562500,0.890625
2346.671875,1.109375
2347.625000,0.953125
2348.625000,1.000000
2349.562500,0.937500
2350.531250,0.968750
2351.515625,0.984375
2352.515625,1.000000
2353.437500,0.921875
2354.406250,0.968750
2355.406250,1.000000
2356.437500,1.031250
2357.375000,0.937500
2358.375000,1.000000
2359.421875,1.046875
2360.421875,1.000000
2361.375000,0.953125
2362.359375,0.984375
2363.421875,1.062500
2364.453125,1.031250
2365.312500,0.859375
2366.171875,0.859375
2367.062500,0.890625
2373.125000,1.031250
2374.125000,1.000000
2375.125000,1.000000
2376.125000,1.000000
2377.140625,1.015625
2378.093750,0.953125
2379.000000,0.906250
2379.984375,0.984375
2381.031250,1.046875
2382.078125,1.046875
2391.234375,1.000000
2392.218750,0.984375
2398.125000,0.968750
2399.062500,0.937500
2400.015625,0.953125
2401.000000,0.984375
2401.953125,0.953125
2402.890625,0.937500
2403.843750,0.953125
2404.812500,0.968750
2414.218750,0.953125
2415.187500,0.968750
2420.906250,0.984375
2421.859375,0.953125
2422.859375,1.000000
2423.859375,1.000000
2424.937500,1.078125
2425.890625,0.953125
2426.875000,0.984375
2427.875000,1.000000
2428.875000,1.000000
2429.843750,0.968750
2430.812500,0.968750
2431.750000,0.937500
2438.812500,1.015625
2439.843750,1.031250
2440.859375,1.015625
2441.796875,0.937500
2442.734375,0.937500
2443.703125,0.968750
2444.687500,0.984375
2445.515625,0.828125
2446.437500,0.921875
2447.437500,1.000000
2448.468750,1.031250
2449.437500,0.968750
2459.515625,0.890625
2460.453125,0.937500
2461.343750,0.890625
2468.281250,0.812500
2469.250000,0.968750
2470.250000,1.000000
2471.250000,1.000000
2472.265625,1.015625
2473.281250,1.015625
2524.546875,0.796875
2525.343750,0.796875
2526.218750,0.875000
2527.250000,1.031250
2528.171875,0.921875
2529.125000,0.953125
2530.093750,0.968750
2531.031250,0.937500
2532.015625,0.984375
2532.984375,0.968750
2533.937500,0.953125
2534.906250,0.968750
2535.843750,0.937500
2536.781250,0.937500
2547.859375,0.906250
2548.734375,0.875000
2549.703125,0.968750
2560.234375,1.062500
2571.343750,1.093750
2572.281250,0.937500
2573.312500,1.031250
2578.093750,0.875000
2578.875000,0.781250
2579.859375,0.984375
2580.812500,0.953125
2581.734375,0.921875
2600.375000,0.921875
2606.640625,0.906250
2607.515625,0.875000
2612.093750,0.906250
2613.046875,0.953125
2613.953125,0.906250
2614.781250,0.828125
2615.640625,0.859375
2616.468750,0.828125
2617.171875,0.703125
2617.843750,0.671875
2621.609375,0.765625
2622.375000,0.765625
2623.296875,0.921875
2624.000000,0.703125
2625.000000,1.000000
2626.015625,1.015625
2627.046875,1.031250
2628.109375,1.062500
2636.859375,1.156250
2637.890625,1.031250
2638.906250,1.015625
2639.984375,1.078125
2660.406250,1.000000
2661.375000,0.968750
2672.812500,0.984375
2673.734375,0.921875
2674.671875,0.937500
2675.640625,0.968750
2676.609375,0.968750
2677.531250,0.921875
2678.484375,0.953125
2679.484375,1.000000
2680.468750,0.984375
2681.421875,0.953125
2682.390625,0.968750
2683.390625,1.000000
2684.359375,0.968750
2685.296875,0.937500
2686.296875,1.000000
2687.281250,0.984375
2688.234375,0.953125
2689.109375,0.875000
2689.984375,0.875000
2690.875000,0.890625
2691.734375,0.859375
2692.687500,0.953125
2693.625000,0.937500
2694.531250,0.906250
2695.484375,0.953125
2696.531250,1.046875
2697.484375,0.953125
2705.765625,0.906250
2706.656250,0.890625
2707.562500,0.906250
2708.484375,0.921875
2709.437500,0.953125
2710.406250,0.968750
2711.421875,1.015625
2712.375000,0.953125
2713.375000,1.000000
2714.390625,1.015625
2715.421875,1.031250
2716.343750,0.921875
2717.265625,0.921875
2718.203125,0.937500
2719.171875,0.968750
2720.109375,0.937500
2721.046875,0.937500
2722.015625,0.968750
2723.000000,0.984375
2723.921875,0.921875
2724.843750,0.921875
2725.781250,0.937500
2726.750000,0.968750
2727.640625,0.890625
2728.578125,0.937500
2729.546875,0.968750
2730.531250,0.984375
2731.421875,0.890625
2732.343750,0.921875
2733.312500,0.968750
2734.296875,0.984375
2735.265625,0.968750
2736.218750,0.953125
2737.187500,0.968750
2740.500000,0.671875
2745.359375,0.890625
2746.265625,0.906250
2747.203125,0.937500
2763.312500,1.000000
2775.562500,0.875000
2776.484375,0.921875
2777.437500,0.953125
2778.406250,0.968750
2779.328125,0.921875
2780.281250,0.953125
2781.250000,0.968750
2782.171875,0.921875
2783.125000,0.953125
2784.078125,0.953125
2785.046875,0.968750
2785.984375,0.937500
2786.953125,0.968750
2787.921875,0.968750
2788.890625,0.968750
2789.843750,0.953125
2790.812500,0.968750
2791.765625,0.953125
2792.687500,0.921875
2793.656250,0.968750
2794.625000,0.968750
2795.578125,0.953125
2796.546875,0.968750
2797.296875,0.750000
2802.000000,0.906250
2802.859375,0.859375
2803.765625,0.906250
2804.703125,0.937500
2805.546875,0.843750
2806.421875,0.875000
2807.359375,0.937500
2808.312500,0.953125
2809.250000,0.937500
2810.156250,0.906250
2811.062500,0.906250
2811.937500,0.875000
2812.859375,0.921875
2813.750000,0.890625
2814.703125,0.953125
2815.640625,0.937500
2816.546875,0.906250
2817.421875,0.875000
2818.312500,0.890625
2819.171875,0.859375
2820.093750,0.921875
2821.031250,0.937500
2821.906250,0.875000
2822.843750,0.937500
2823.796875,0.953125
2824.750000,0.953125
2830.500000,0.890625
2831.453125,0.953125
2832.421875,0.968750
2833.359375,0.937500
2834.265625,0.906250
2835.234375,0.968750
2836.218750,0.984375
2837.187500,0.968750
2838.156250,0.968750
2839.156250,1.000000
2839.921875,0.765625
2848.718750,0.937500
2849.718750,1.000000
2850.671875,0.953125
2851.609375,0.937500
2852.515625,0.906250
2853.437500,0.921875
2854.375000,0.937500
2855.328125,0.953125
2856.296875,0.968750
2857.328125,1.031250
2858.359375,1.031250
2864.109375,0.921875
2865.062500,0.953125
2865.984375,0.921875
2866.937500,0.953125
2867.843750,0.906250
2868.593750,0.750000
2869.437500,0.843750
2870.296875,0.859375
2871.031250,0.734375
2871.812500,0.781250
2872.546875,0.734375
2873.203125,0.656250
2882.781250,0.843750
2883.640625,0.859375
2884.531250,0.890625
2885.468750,0.937500
2886.468750,1.000000
2887.281250,0.812500
2899.109375,0.890625
2900.046875,0.937500
2900.968750,0.921875
2901.843750,0.875000
2902.781250,0.937500
2903.796875,1.015625
2904.828125,1.031250
2905.796875,0.968750
2906.812500,1.015625
2907.843750,1.031250
2908.828125,0.984375
2909.796875,0.968750
2910.796875,1.000000
2911.828125,1.031250
2912.796875,0.968750
2913.828125,1.031250
2914.906250,1.078125
2915.953125,1.046875
2916.953125,1.000000
2918.000000,1.046875
2919.015625,1.015625
2919.984375,0.968750
2920.984375,1.000000
2921.921875,0.937500
2922.796875,0.875000
2923.765625,0.968750
2924.750000,0.984375
2941.406250,0.984375
2942.390625,0.984375
2943.328125,0.937500
2944.296875,0.968750
2945.250000,0.953125
2946.203125,0.953125
2947.140625,0.937500
2948.265625,1.125000
2949.187500,0.921875
2950.062500,0.875000
2951.015625,0.953125
2951.968750,0.953125
2952.875000,0.906250
2953.812500,0.937500
2954.765625,0.953125
2961.140625,0.906250
2969.109375,1.015625
2970.140625,1.031250
2976.625000,1.000000
2977.656250,1.031250
2978.687500,1.031250
2979.750000,1.062500
2980.828125,1.078125
2981.859375,1.031250
2982.921875,1.062500
2983.984375,1.062500
2985.031250,1.046875
2992.265625,1.015625
2993.281250,1.015625
2994.312500,1.031250
2995.203125,0.890625
2996.031250,0.828125
2996.953125,0.921875
2997.984375,1.031250
3010.500000,1.000000
3011.484375,0.984375
3012.625000,1.140625
3033.234375,0.968750
3034.125000,0.890625
3035.046875,0.921875
3036.000000,0.953125
3037.000000,1.000000
3037.859375,0.859375
3038.765625,0.906250
3039.625000,0.859375
3040.546875,0.921875
3041.328125,0.781250
3042.015625,0.687500
3042.750000,0.734375
3043.515625,0.765625
3044.421875,0.906250
3051.296875,1.062500
3052.359375,1.062500
3053.375000,1.015625
3054.671875,1.296875
3059.312500,0.984375
3060.343750,1.031250
3061.390625,1.046875
3078.796875,0.828125
3079.687500,0.890625
3080.562500,0.875000
3081.578125,1.015625
3082.609375,1.031250
3083.656250,1.046875
3094.281250,1.062500
3095.625000,1.343750
3107.343750,1.015625
3114.515625,1.078125
3131.531250,1.046875
3138.375000,1.000000
3156.765625,0.796875
3157.890625,1.125000
3168.343750,1.062500
3169.375000,1.031250
3175.562500,1.015625
3176.562500,1.000000
3177.593750,1.031250
3178.640625,1.046875
3179.703125,1.062500
3180.687500,0.984375
3198.109375,0.859375
3198.953125,0.843750
3199.828125,0.875000
3200.687500,0.859375
3210.531250,0.953125
3211.437500,0.906250
3221.390625,0.796875
3291.796875,0.921875
3292.906250,1.109375
3297.984375,0.718750
3298.875000,0.890625
3361.718750,0.515625
3369.875000,0.562500
3370.421875,0.546875
3396.984375,0.968750
3398.000000,1.015625
3424.187500,0.953125
3425.171875,0.984375
3426.109375,0.937500
3426.921875,0.812500
3460.156250,0.890625
3461.062500,0.906250
3462.031250,0.968750
3468.250000,0.937500
3469.234375,0.984375
3470.234375,1.000000
3471.218750,0.984375
3472.218750,1.000000
3473.218750,1.000000
3474.234375,1.015625
3475.187500,0.953125
3476.125000,0.937500
3477.046875,0.921875
3477.953125,0.906250
3478.875000,0.921875
3479.812500,0.937500
3480.765625,0.953125
3481.765625,1.000000
3482.734375,0.968750
3483.750000,1.015625
3484.687500,0.937500
3485.656250,0.968750
3486.625000,0.968750
3487.578125,0.953125
3488.468750,0.890625
3489.578125,1.109375
3490.562500,0.984375
3491.578125,1.015625
3492.515625,0.937500
3493.437500,0.921875
3494.437500,1.000000
3495.437500,1.000000
3496.406250,0.968750
3497.312500,0.906250
3498.234375,0.921875
3499.218750,0.984375
3500.187500,0.968750
3501.109375,0.921875
3502.156250,1.046875
3503.140625,0.984375
3508.359375,0.843750
3509.281250,0.921875
3510.234375,0.953125
3511.203125,0.968750
3512.140625,0.937500
3513.093750,0.953125
3514.078125,0.984375
3515.062500,0.984375
3515.953125,0.890625
3521.765625,0.937500
3522.734375,0.968750
3523.687500,0.953125
3524.687500,1.000000
3525.703125,1.015625
3526.703125,1.000000
3527.640625,0.937500
3528.562500,0.921875
3529.546875,0.984375
3530.515625,0.968750
3531.500000,0.984375
3532.484375,0.984375
3533.484375,1.000000
3534.515625,1.031250
3535.484375,0.968750
3536.484375,1.000000
3537.500000,1.015625
3538.484375,0.984375
3539.390625,0.906250
3540.296875,0.906250
3541.203125,0.906250
3542.140625,0.937500
3543.140625,1.000000
3544.093750,0.953125
3545.093750,1.000000
3546.125000,1.031250
3547.125000,1.000000
3548.078125,0.953125
3549.031250,0.953125
3550.187500,1.156250
3551.078125,0.890625
3551.984375,0.906250
3552.937500,0.953125
3553.875000,0.937500
3554.843750,0.968750
3555.812500,0.968750
3556.812500,1.000000
3557.843750,1.031250
3558.796875,0.953125
3559.765625,0.968750
3560.750000,0.984375
3561.734375,0.984375
3562.687500,0.953125
3563.625000,0.937500
3564.562500,0.937500
3565.531250,0.968750
3566.453125,0.921875
3587.468750,0.953125
3588.359375,0.890625
3595.250000,0.828125
3596.125000,0.875000
3651.515625,0.859375
3659.031250,0.921875
3659.906250,0.875000
3660.781250,0.875000
3661.578125,0.796875
3671.250000,1.000000
3672.281250,1.031250
3673.250000,0.968750
3674.171875,0.921875
3675.109375,0.937500
3676.093750,0.984375
3677.062500,0.968750
3690.328125,1.078125
3691.343750,1.015625
3692.328125,0.984375
3693.421875,1.093750
3694.453125,1.031250
3695.453125,1.000000
3696.468750,1.015625
3697.390625,0.921875
3709.015625,1.015625
3710.062500,1.046875
3711.062500,1.000000
3712.062500,1.000000
3713.062500,1.000000
3714.062500,1.000000
3730.500000,1.000000
3731.390625,0.890625
3732.375000,0.984375
3733.359375,0.984375
3734.359375,1.000000
3735.312500,0.953125
3736.453125,1.140625
3742.109375,1.093750
3777.375000,0.875000
3786.218750,0.953125
3787.187500,0.968750
3788.156250,0.968750
3789.156250,1.000000
3790.156250,1.000000
3791.156250,1.000000
3792.140625,0.984375
3793.093750,0.953125
3794.093750,1.000000
3795.093750,1.000000
3796.078125,0.984375
3797.093750,1.015625
3798.031250,0.937500
3799.093750,1.062500
3800.359375,1.265625
3806.390625,0.843750
3807.281250,0.890625
3808.171875,0.890625
3809.046875,0.875000
3809.984375,0.937500
3810.953125,0.968750
3811.890625,0.937500
3812.843750,0.953125
3813.875000,1.031250
3814.953125,1.078125
3815.968750,1.015625
3816.937500,0.968750
3817.953125,1.015625
3818.984375,1.031250
3819.984375,1.000000
3820.921875,0.937500
3821.921875,1.000000
3822.937500,1.015625
3823.968750,1.031250
3824.953125,0.984375
3826.000000,1.046875
3827.031250,1.031250
3828.093750,1.062500
3829.078125,0.984375
3830.093750,1.015625
3831.140625,1.046875
3832.171875,1.031250
3833.140625,0.968750
3840.937500,0.984375
3849.859375,1.031250
3850.921875,1.062500
3852.015625,1.093750
3853.031250,1.015625
3854.015625,0.984375
3855.031250,1.015625
3856.046875,1.015625
3857.046875,1.000000
3865.109375,1.015625
3866.093750,0.984375
3867.078125,0.984375
3868.046875,0.968750
3868.953125,0.906250
3869.890625,0.937500
3870.859375,0.968750
3871.843750,0.984375
3882.421875,0.984375
3889.140625,0.828125
3890.078125,0.937500
3890.984375,0.906250
3891.906250,0.921875
3892.843750,0.937500
3893.828125,0.984375
3894.812500,0.984375
3895.734375,0.921875
3896.578125,0.843750
3919.453125,0.750000
3927.296875,0.921875
3928.156250,0.859375
3929.031250,0.875000
3930.000000,0.968750
3931.046875,1.046875
3932.062500,1.015625
3932.968750,0.906250
3933.921875,0.953125
3939.109375,0.796875
3939.968750,0.859375
3945.734375,0.968750
3946.703125,0.968750
3947.562500,0.859375
3952.687500,0.921875
3953.687500,1.000000
3963.890625,0.890625
3968.203125,1.078125
4017.578125,1.031250
4018.640625,1.062500
4019.640625,1.000000
4020.625000,0.984375
4075.343750,0.984375
4076.328125,0.984375
4077.328125,1.000000
4078.343750,1.015625
4079.375000,1.031250
4080.203125,0.828125
4227.156250,0.890625
4228.000000,0.843750
4228.953125,0.953125
4229.875000,0.921875
4230.812500,0.937500
4243.406250,1.046875
4244.468750,1.062500
4245.468750,1.000000
4246.453125,0.984375
4247.437500,0.984375
4248.453125,1.015625
4249.468750,1.015625
4250.453125,0.984375
4251.390625,0.937500
4300.171875,0.890625
4301.109375,0.937500
4302.093750,0.984375
4303.046875,0.953125
4303.937500,0.890625
4304.859375,0.921875
4314.234375,0.984375
4349.593750,0.984375
4350.562500,0.968750
4351.546875,0.984375
4352.531250,0.984375
4353.515625,0.984375
4354.484375,0.968750
4355.406250,0.921875
4356.453125,1.046875
4362.031250,0.890625
4396.500000,0.984375
4397.515625,1.015625
4398.531250,1.015625
4399.531250,1.000000
4435.765625,0.890625
4441.671875,0.890625
4442.640625,0.968750
4443.593750,0.953125
4444.515625,0.921875
4445.468750,0.953125
4446.453125,0.984375
4447.500000,1.046875
4448.531250,1.031250
4449.531250,1.000000
4450.546875,1.015625
4451.406250,0.859375
4452.546875,1.140625
4453.500000,0.953125
4458.984375,0.921875
4459.921875,0.937500
4460.859375,0.937500
4461.734375,0.875000
4462.656250,0.921875
4463.531250,0.875000
4476.578125,1.125000
4480.968750,0.968750
4481.906250,0.937500
4482.890625,0.984375
4483.875000,0.984375
4484.875000,1.000000
4485.781250,0.906250
4486.734375,0.953125
4487.640625,0.906250
4521.656250,1.093750
4522.687500,1.031250
4523.718750,1.031250
4524.734375,1.015625
4567.953125,0.843750
4568.750000,0.796875
4569.515625,0.765625
4570.265625,0.750000
4571.046875,0.781250
4572.046875,1.000000
4572.953125,0.906250
4573.890625,0.937500
4574.859375,0.968750
4575.843750,0.984375
4576.796875,0.953125
4577.781250,0.984375
4578.781250,1.000000
4579.765625,0.984375
4580.765625,1.000000
4581.718750,0.953125
4582.656250,0.937500
4583.625000,0.968750
4584.593750,0.968750
4585.546875,0.953125
4586.500000,0.953125
4587.437500,0.937500
4588.406250,0.968750
4596.562500,1.000000
4616.390625,1.046875
4617.390625,1.000000
4618.328125,0.937500
4619.171875,0.843750
4620.078125,0.906250
4621.000000,0.921875
4621.890625,0.890625
4622.796875,0.906250
4623.718750,0.921875
4624.625000,0.906250
4625.546875,0.921875
4626.468750,0.921875
4627.390625,0.921875
4628.203125,0.812500
4629.031250,0.828125
4629.828125,0.796875
4630.593750,0.765625
4631.343750,0.750000
4632.328125,0.984375
4633.203125,0.875000
4634.109375,0.906250
4635.000000,0.890625
4635.906250,0.906250
4636.812500,0.906250
4637.734375,0.921875
4638.625000,0.890625
4639.531250,0.906250
4640.421875,0.890625
4641.328125,0.906250
4642.171875,0.843750
4642.968750,0.796875
4643.859375,0.890625
4644.843750,0.984375
4645.859375,1.015625
4646.875000,1.015625
4647.843750,0.968750
4648.796875,0.953125
4649.781250,0.984375
4650.765625,0.984375
4651.734375,0.968750
4652.703125,0.968750
4653.671875,0.968750
4654.656250,0.984375
4655.609375,0.953125
4656.437500,0.828125
4657.328125,0.890625
4658.250000,0.921875
4659.218750,0.968750
4660.156250,0.937500
4661.078125,0.921875
4662.046875,0.968750
4663.015625,0.968750
4663.984375,0.968750
4664.953125,0.968750
4665.875000,0.921875
4666.734375,0.859375
4667.515625,0.781250
4668.375000,0.859375
4669.468750,1.093750
4670.609375,1.140625
4671.734375,1.125000
4677.156250,0.828125
4678.062500,0.906250
4679.109375,1.046875
4680.187500,1.078125
4681.312500,1.125000
4682.359375,1.046875
4683.390625,1.031250
4684.453125,1.062500
4685.515625,1.062500
4686.578125,1.062500
4687.625000,1.046875
4688.687500,1.062500
4689.765625,1.078125
4690.843750,1.078125
4691.953125,1.109375
4692.953125,1.000000
4693.968750,1.015625
4695.000000,1.031250
4696.015625,1.015625
4696.984375,0.968750
4697.812500,0.828125
4698.656250,0.843750
4699.500000,0.843750
4700.265625,0.765625
4701.062500,0.796875
4701.937500,0.875000
4702.750000,0.812500
4703.578125,0.828125
4704.484375,0.906250
4705.437500,0.953125
4706.437500,1.000000
4707.390625,0.953125
4708.343750,0.953125
4709.296875,0.953125
4710.234375,0.937500
4711.140625,0.906250
4712.015625,0.875000
4712.875000,0.859375
4713.781250,0.906250
4714.718750,0.937500
4715.640625,0.921875
4716.546875,0.906250
4717.468750,0.921875
4718.406250,0.937500
4719.359375,0.953125
4720.265625,0.906250
4721.234375,0.968750
4722.218750,0.984375
4723.187500,0.968750
4724.046875,0.859375
4724.843750,0.796875
4725.734375,0.890625
4726.656250,0.921875
4727.640625,0.984375
4728.578125,0.937500
4729.515625,0.937500
4730.312500,0.796875
4735.500000,1.015625
4736.578125,1.078125
4737.562500,0.984375
4738.578125,1.015625
4739.578125,1.000000
4740.609375,1.031250
4741.578125,0.968750
4742.562500,0.984375
4743.593750,1.031250
4744.656250,1.062500
4745.593750,0.937500
4746.515625,0.921875
4747.453125,0.937500
4748.406250,0.953125
4749.359375,0.953125
4750.296875,0.937500
4751.328125,1.031250
4752.593750,1.265625
4753.562500,0.968750
4754.390625,0.828125
4755.140625,0.750000
4755.937500,0.796875
4756.968750,1.031250
4758.031250,1.062500
4759.093750,1.062500
4760.125000,1.031250
4761.140625,1.015625
4762.093750,0.953125
4763.062500,0.968750
4764.000000,0.937500
4764.953125,0.953125
4765.921875,0.968750
4766.906250,0.984375
4767.875000,0.968750
4768.828125,0.953125
4769.750000,0.921875
4770.703125,0.953125
4771.671875,0.968750
4772.578125,0.906250
4777.703125,0.859375
4778.562500,0.859375
4779.390625,0.828125
4780.218750,0.828125
4781.062500,0.843750
4781.921875,0.859375
4782.765625,0.843750
4783.593750,0.828125
4784.406250,0.812500
4785.265625,0.859375
4786.125000,0.859375
4909.796875,0.921875
4910.718750,0.921875
4911.734375,1.015625
4912.765625,1.031250
4913.812500,1.046875
4914.890625,1.078125
4915.937500,1.046875
4916.984375,1.046875
4917.968750,0.984375
4918.937500,0.968750
4919.875000,0.937500
4920.843750,0.968750
4921.859375,1.015625
4922.875000,1.015625
4923.859375,0.984375
4924.890625,1.031250
4925.921875,1.031250
4926.953125,1.031250
4927.859375,0.906250
4928.843750,0.984375
4929.828125,0.984375
4936.687500,1.015625
4937.703125,1.015625
4938.578125,0.875000
4939.484375,0.906250
4940.484375,1.000000
4946.171875,0.921875
4947.015625,0.843750
4947.843750,0.828125
4948.750000,0.906250
4949.734375,0.984375
4950.718750,0.984375
4951.750000,1.031250
4952.828125,1.078125
4953.921875,1.093750
4954.953125,1.031250
4955.875000,0.921875
4956.796875,0.921875
5016.656250,0.984375
5017.671875,1.015625
5025.421875,0.968750
5026.421875,1.000000
5027.421875,1.000000
5028.421875,1.000000
5029.421875,1.000000
5030.421875,1.000000
5031.406250,0.984375
5032.343750,0.937500
5033.312500,0.968750
5034.281250,0.968750
5035.250000,0.968750
5043.203125,0.875000
5044.140625,0.937500
5045.078125,0.937500
5046.093750,1.015625
5046.968750,0.875000
5047.875000,0.906250
5048.750000,0.875000
5070.328125,0.828125
5071.187500,0.859375
5077.546875,0.921875
5078.484375,0.937500
5079.406250,0.921875
5080.359375,0.953125
5087.421875,1.015625
5088.390625,0.968750
5089.312500,0.921875
5090.312500,1.000000
5091.312500,1.000000
5092.281250,0.968750
5093.203125,0.921875
5094.171875,0.968750
5095.203125,1.031250
5096.218750,1.015625
5097.171875,0.953125
5098.171875,1.000000
5099.203125,1.031250
5100.156250,0.953125
5101.187500,1.031250
5102.218750,1.031250
5103.234375,1.015625
5104.234375,1.000000
5105.265625,1.031250
5106.281250,1.015625
5112.296875,1.062500
5113.375000,1.078125
5114.453125,1.078125
5115.500000,1.046875
5116.515625,1.015625
5117.546875,1.031250
5118.515625,0.968750
5119.468750,0.953125
5120.468750,1.000000
5121.484375,1.015625
5122.390625,0.906250
5123.296875,0.906250
5124.171875,0.875000
5125.187500,1.015625
5126.281250,1.093750
5127.296875,1.015625
5128.328125,1.031250
5129.390625,1.062500
5130.390625,1.000000
5131.328125,0.937500
5132.296875,0.968750
5133.328125,1.031250
5134.343750,1.015625
5135.375000,1.031250
5136.406250,1.031250
5137.468750,1.062500
5138.531250,1.062500
5139.500000,0.968750
5140.531250,1.031250
5141.578125,1.046875
5142.562500,0.984375
5143.593750,1.031250
5144.562500,0.968750
5145.593750,1.031250
5146.625000,1.031250
5147.578125,0.953125
5148.578125,1.000000
5149.609375,1.031250
5150.625000,1.015625
5151.562500,0.937500
5152.546875,0.984375
5153.562500,1.015625
5154.546875,0.984375
5155.609375,1.062500
5156.671875,1.062500
5157.718750,1.046875
5158.718750,1.000000
5159.609375,0.890625
5160.531250,0.921875
5161.546875,1.015625
5162.562500,1.015625
5163.484375,0.921875
5164.468750,0.984375
5165.500000,1.031250
5166.500000,1.000000
5173.468750,1.203125
5174.515625,1.046875
5175.484375,0.968750
5176.406250,0.921875
5177.390625,0.984375
5178.421875,1.031250
5179.453125,1.031250
5180.437500,0.984375
5181.390625,0.953125
5182.406250,1.015625
5183.421875,1.015625
5184.437500,1.015625
5185.406250,0.968750
5186.453125,1.046875
5187.468750,1.015625
5188.484375,1.015625
5189.390625,0.906250
5190.359375,0.968750
5191.312500,0.953125
5192.343750,1.031250
5193.250000,0.906250
5194.125000,0.875000
5195.062500,0.937500
5196.062500,1.000000
5197.062500,1.000000
5197.984375,0.921875
5198.968750,0.984375
5199.953125,0.984375
5200.921875,0.968750
5201.921875,1.000000
5202.890625,0.968750
5203.843750,0.953125
5204.734375,0.890625
5205.515625,0.781250
5206.281250,0.765625
5207.000000,0.718750
5219.859375,1.000000
5227.078125,1.062500
5228.125000,1.046875
5229.187500,1.062500
5230.250000,1.062500
5231.296875,1.046875
5232.328125,1.031250
5233.359375,1.031250
5234.328125,0.968750
5235.343750,1.015625
5236.375000,1.031250
5237.343750,0.968750
5238.187500,0.843750
5239.109375,0.921875
5240.078125,0.968750
5241.109375,1.031250
5247.984375,1.046875
5248.953125,0.968750
5249.968750,1.015625
5250.953125,0.984375
5251.921875,0.968750
5252.875000,0.953125
5253.875000,1.000000
5254.890625,1.015625
5255.875000,0.984375
5256.859375,0.984375
5257.890625,1.031250
5258.921875,1.031250
5259.921875,1.000000
5260.937500,1.015625
5261.953125,1.015625
5272.296875,0.984375
5273.312500,1.015625
5274.312500,1.000000
5275.281250,0.968750
5301.687500,0.718750
5302.453125,0.765625
5303.250000,0.796875
5304.125000,0.875000
5305.031250,0.906250
5305.953125,0.921875
5306.875000,0.921875
5324.671875,0.937500
5325.671875,1.000000
5335.921875,0.906250
5341.421875,0.937500
5342.406250,0.984375
5343.375000,0.968750
5344.281250,0.906250
5345.218750,0.937500
5346.171875,0.953125
5347.156250,0.984375
5348.125000,0.968750
5349.140625,1.015625
5350.078125,0.937500
5351.156250,1.078125
5357.609375,1.000000
5358.593750,0.984375
5359.515625,0.921875
5360.468750,0.953125
5361.437500,0.968750
5362.453125,1.015625
5363.421875,0.968750
5364.390625,0.968750
5365.375000,0.984375
5366.343750,0.968750
5367.343750,1.000000
5402.109375,0.953125
5403.093750,0.984375
5404.093750,1.000000
5405.140625,1.046875
5406.187500,1.046875
5407.203125,1.015625
5408.171875,0.968750
5414.000000,1.078125
5415.046875,1.046875
5415.953125,0.906250
5417.109375,1.156250
5418.078125,0.968750
5419.015625,0.937500
5419.968750,0.953125
5420.984375,1.015625
5422.031250,1.046875
5423.140625,1.109375
5424.250000,1.109375
5425.359375,1.109375
5426.437500,1.078125
5427.500000,1.062500
5428.359375,0.859375
5429.250000,0.890625
5430.171875,0.921875
5431.156250,0.984375
5454.781250,1.031250
5455.812500,1.031250
5456.812500,1.000000
5457.828125,1.015625
5458.796875,0.968750
5459.671875,0.875000
5460.609375,0.937500
5461.343750,0.734375
5912.796875,0.468750
5918.140625,0.671875
5962.593750,0.625000
5963.468750,0.875000
5972.765625,0.609375
6642.000000,0.859375
6725.015625,0.765625
6725.906250,0.890625
6726.640625,0.734375
6727.406250,0.765625
6728.250000,0.843750
6729.093750,0.843750
6729.859375,0.765625
6753.843750,0.859375
6754.656250,0.812500
6755.640625,0.984375
6756.828125,1.187500
6757.937500,1.109375
6784.093750,0.906250
6800.093750,0.843750
6800.921875,0.828125
6801.718750,0.796875
6802.578125,0.859375
6803.484375,0.906250
6804.390625,0.906250
6805.359375,0.968750
6806.218750,0.859375
6807.109375,0.890625
6808.203125,1.093750
6809.343750,1.140625
6810.437500,1.093750
6820.921875,1.031250
6822.015625,1.093750
6823.078125,1.062500
6824.140625,1.062500
6825.140625,1.000000
6826.250000,1.109375
6827.328125,1.078125
6828.437500,1.109375
6829.500000,1.062500
6830.562500,1.062500
6839.265625,1.046875
6840.343750,1.078125
6841.468750,1.125000
6842.578125,1.109375
6843.640625,1.062500
6849.562500,0.828125
6850.531250,0.968750
6851.468750,0.937500
6871.234375,1.109375
6880.156250,1.109375
6881.296875,1.140625
6882.390625,1.093750
6883.390625,1.000000
6884.453125,1.062500
6885.546875,1.093750
6886.734375,1.187500
6892.828125,1.046875
6893.953125,1.125000
6895.031250,1.078125
6896.000000,0.968750
6902.343750,1.187500
6903.390625,1.046875
6904.406250,1.015625
6905.437500,1.031250
6906.468750,1.031250
6907.437500,0.968750
6921.203125,1.031250
6922.234375,1.031250
6923.328125,1.093750
6924.390625,1.062500
6925.312500,0.921875
6926.500000,1.187500
6927.515625,1.015625
6928.625000,1.109375
6929.718750,1.093750
6930.718750,1.000000
6931.796875,1.078125
6932.906250,1.109375
6933.937500,1.031250
6938.937500,0.843750
6940.093750,1.156250
6941.078125,0.984375
6942.171875,1.093750
6952.343750,1.000000
6953.296875,0.953125
6954.296875,1.000000
6955.296875,1.000000
6956.218750,0.921875
6957.125000,0.906250
6958.046875,0.921875
6959.046875,1.000000
6960.109375,1.062500
6961.171875,1.062500
6962.250000,1.078125
6963.140625,0.890625
6968.640625,1.046875
6969.625000,0.984375
6970.609375,0.984375
6971.640625,1.031250
6972.718750,1.078125
6973.812500,1.093750
7101.281250,0.937500
7102.281250,1.000000
7109.859375,0.921875
7110.796875,0.937500
7111.812500,1.015625
7112.859375,1.046875
7113.750000,0.890625
7114.718750,0.968750
7115.734375,1.015625
7116.812500,1.078125
7117.875000,1.062500
7118.984375,1.109375
7120.078125,1.093750
7121.125000,1.046875
7122.171875,1.046875
7123.234375,1.062500
7124.328125,1.093750
7125.406250,1.078125
7126.484375,1.078125
7127.578125,1.093750
7128.625000,1.046875
7129.625000,1.000000
7130.531250,0.906250
7131.578125,1.046875
7132.640625,1.062500
7133.718750,1.078125
7134.703125,0.984375
7135.734375,1.031250
7136.796875,1.062500
7137.765625,0.968750
7138.687500,0.921875
7139.671875,0.984375
7140.750000,1.078125
7141.843750,1.093750
7142.890625,1.046875
7143.953125,1.062500
7144.953125,1.000000
7145.953125,1.000000
7146.921875,0.968750
7147.875000,0.953125
7148.828125,0.953125
7149.812500,0.984375
7150.812500,1.000000
7151.875000,1.062500
7152.906250,1.031250
7153.906250,1.000000
7154.937500,1.031250
7155.953125,1.015625
7156.984375,1.031250
7158.093750,1.109375
7159.031250,0.937500
7159.921875,0.890625
7160.812500,0.890625
7161.703125,0.890625
7162.531250,0.828125
7163.421875,0.890625
7164.406250,0.984375
7165.500000,1.093750
7166.546875,1.046875
7167.406250,0.859375
7173.546875,0.921875
7174.468750,0.921875
7175.312500,0.843750
7176.187500,0.875000
7177.109375,0.921875
7178.062500,0.953125
7178.984375,0.921875
7179.968750,0.984375
7181.000000,1.031250
7182.031250,1.031250
7182.906250,0.875000
7183.812500,0.906250
7184.765625,0.953125
7185.796875,1.031250
7201.359375,1.046875
7202.375000,1.015625
7203.328125,0.953125
7204.328125,1.000000
7205.312500,0.984375
7206.281250,0.968750
7207.156250,0.875000
7208.000000,0.843750
7208.781250,0.781250
7209.531250,0.750000
7210.328125,0.796875
7211.046875,0.718750
7229.234375,1.031250
7230.296875,1.062500
7231.359375,1.062500
7232.421875,1.062500
7233.468750,1.046875
7234.515625,1.046875
7235.609375,1.093750
7236.640625,1.031250
7237.671875,1.031250
7238.718750,1.046875
7239.750000,1.031250
7240.812500,1.062500
7241.875000,1.062500
7242.921875,1.046875
7243.968750,1.046875
7244.937500,0.968750
7245.953125,1.015625
7247.031250,1.078125
7248.062500,1.031250
7249.046875,0.984375
7250.078125,1.031250
7251.109375,1.031250
7252.109375,1.000000
7253.125000,1.015625
7254.125000,1.000000
7255.187500,1.062500
7256.218750,1.031250
7257.187500,0.968750
7258.265625,1.078125
7259.343750,1.078125
7260.375000,1.031250
7261.390625,1.015625
7262.406250,1.015625
7263.437500,1.031250
7264.468750,1.031250
7265.500000,1.031250
7266.562500,1.062500
7267.625000,1.062500
7268.703125,1.078125
7269.750000,1.046875
7270.843750,1.093750
7271.906250,1.062500
7272.906250,1.000000
7273.953125,1.046875
7274.968750,1.015625
7276.015625,1.046875
7276.984375,0.968750
7278.187500,1.203125
7279.218750,1.031250
7280.296875,1.078125
7281.312500,1.015625
7282.343750,1.031250
7283.406250,1.062500
7284.453125,1.046875
7285.421875,0.968750
7286.421875,1.000000
7287.421875,1.000000
7288.421875,1.000000
7289.343750,0.921875
7290.328125,0.984375
7291.296875,0.968750
7292.328125,1.031250
7293.312500,0.984375
7294.359375,1.046875
7295.437500,1.078125
7296.468750,1.031250
7297.500000,1.031250
7298.578125,1.078125
7299.640625,1.062500
7300.656250,1.015625
7301.687500,1.031250
7302.718750,1.031250
7303.734375,1.015625
7304.718750,0.984375
7305.734375,1.015625
7306.750000,1.015625
7307.781250,1.031250
7308.812500,1.031250
7309.828125,1.015625
7310.875000,1.046875
7311.890625,1.015625
7312.875000,0.984375
7313.875000,1.000000
7314.890625,1.015625
7315.906250,1.015625
7316.890625,0.984375
7317.906250,1.015625
7318.953125,1.046875
7319.968750,1.015625
7320.937500,0.968750
7321.859375,0.921875
7322.750000,0.890625
7323.531250,0.781250
7324.250000,0.718750
7325.062500,0.812500
7325.843750,0.781250
7326.750000,0.906250
7332.031250,1.062500
7333.062500,1.031250
7333.984375,0.921875
7334.890625,0.906250
7335.812500,0.921875
7345.671875,0.937500
7346.625000,0.953125
7347.593750,0.968750
7348.546875,0.953125
7349.484375,0.937500
7350.546875,1.062500
7351.609375,1.062500
7352.609375,1.000000
7353.578125,0.968750
7354.484375,0.906250
7355.375000,0.890625
7356.203125,0.828125
7357.031250,0.828125
7357.828125,0.796875
7358.718750,0.890625
7359.718750,1.000000
7360.750000,1.031250
7361.625000,0.875000
7362.562500,0.937500
7363.453125,0.890625
7364.375000,0.921875
7365.171875,0.796875
7365.968750,0.796875
7366.796875,0.828125
7367.609375,0.812500
7368.421875,0.812500
7369.265625,0.843750
7370.015625,0.750000
7370.718750,0.703125
7371.406250,0.687500
7372.093750,0.687500
7372.875000,0.781250
7373.703125,0.828125
7374.625000,0.921875
7375.546875,0.921875
7390.203125,1.000000
7391.156250,0.953125
7392.156250,1.000000
7393.171875,1.015625
7394.125000,0.953125
7395.000000,0.875000
7395.875000,0.875000
7396.812500,0.937500
7397.718750,0.906250
7398.562500,0.843750
7399.468750,0.906250
7400.390625,0.921875
7418.468750,1.046875
7419.546875,1.078125
7420.593750,1.046875
7421.687500,1.093750
7422.640625,0.953125
7423.640625,1.000000
7424.703125,1.062500
7425.718750,1.015625
7426.734375,1.015625
7427.781250,1.046875
7428.750000,0.968750
7429.734375,0.984375
7430.765625,1.031250
7431.796875,1.031250
7432.843750,1.046875
7433.812500,0.968750
7440.859375,0.953125
7446.671875,0.968750
7447.890625,1.218750
7452.625000,1.093750
7456.953125,0.781250
7457.734375,0.781250
7458.484375,0.750000
7459.250000,0.765625
7459.984375,0.734375
7460.750000,0.765625
7472.343750,0.843750
7473.187500,0.843750
7474.156250,0.968750
7484.390625,1.031250
7485.453125,1.062500
7486.468750,1.015625
7487.468750,1.000000
7498.125000,0.875000
7499.015625,0.890625
7499.968750,0.953125
7501.046875,1.078125
7502.093750,1.046875
7503.093750,1.000000
7504.171875,1.078125
7505.218750,1.046875
7506.312500,1.093750
7507.250000,0.937500
7508.250000,1.000000
7509.265625,1.015625
7510.218750,0.953125
7511.234375,1.015625
7512.281250,1.046875
7513.343750,1.062500
7514.375000,1.031250
7515.437500,1.062500
7516.515625,1.078125
7517.578125,1.062500
7518.734375,1.156250
7519.734375,1.000000
7520.765625,1.031250
7529.765625,1.000000
7535.343750,0.953125
7536.140625,0.796875
7537.140625,1.000000
7537.906250,0.765625
7538.671875,0.765625
7539.484375,0.812500
7540.218750,0.734375
7541.046875,0.828125
7541.968750,0.921875
7542.968750,1.000000
7543.828125,0.859375
7552.015625,0.875000
7552.984375,0.968750
7553.953125,0.968750
7554.953125,1.000000
7555.921875,0.968750
7556.875000,0.953125
7557.812500,0.937500
7558.796875,0.984375
7559.734375,0.937500
7560.609375,0.875000
7561.500000,0.890625
7562.406250,0.906250
7563.343750,0.937500
7564.281250,0.937500
7565.234375,0.953125
7566.265625,1.031250
7567.312500,1.046875
7568.359375,1.046875
7569.421875,1.062500
7570.515625,1.093750
7571.593750,1.078125
7572.640625,1.046875
7573.625000,0.984375
7574.609375,0.984375
7575.640625,1.031250
7576.656250,1.015625
7577.656250,1.000000
7578.609375,0.953125
7579.562500,0.953125
7580.562500,1.000000
7581.531250,0.968750
7582.453125,0.921875
7583.421875,0.968750
7584.421875,1.000000
7585.406250,0.984375
7586.312500,0.906250
7587.203125,0.890625
7588.062500,0.859375
7588.906250,0.843750
7589.765625,0.859375
7590.609375,0.843750
7591.484375,0.875000
7592.437500,0.953125
7593.390625,0.953125
7594.359375,0.968750
7595.265625,0.906250
7596.203125,0.937500
7597.140625,0.937500
7598.031250,0.890625
7598.906250,0.875000
7599.812500,0.906250
7600.734375,0.921875
7601.671875,0.937500
7602.562500,0.890625
7603.468750,0.906250
7604.421875,0.953125
7605.359375,0.937500
7606.281250,0.921875
7607.031250,0.750000
7608.078125,1.046875
7625.468750,0.937500
7626.328125,0.859375
7627.250000,0.921875
7628.312500,1.062500
7629.375000,1.062500
7630.437500,1.062500
7631.484375,1.046875
7703.937500,1.078125
7732.343750,0.859375
7737.328125,1.000000
7851.046875,0.828125
7871.625000,0.734375
7872.406250,0.781250
7873.234375,0.828125
7874.078125,0.843750
7874.906250,0.828125
7901.578125,0.734375
8140.281250,0.828125
8197.296875,0.640625
8335.562500,0.890625
8381.062500,0.765625
8385.875000,0.890625
8386.734375,0.859375
8387.625000,0.890625
8430.406250,0.703125
8431.265625,0.859375
8431.875000,0.609375
8716.609375,0.718750
8757.703125,0.718750
8758.406250,0.703125
8759.125000,0.718750
8867.250000,0.609375
8867.890625,0.640625
8868.578125,0.687500
8869.203125,0.625000
8869.843750,0.640625
8873.734375,0.734375
8874.359375,0.625000
8874.984375,0.625000
8875.687500,0.703125
8876.359375,0.671875
8877.109375,0.750000
8877.781250,0.671875
8878.453125,0.671875
8879.156250,0.703125
8879.796875,0.640625
8880.484375,0.687500
8881.156250,0.671875
8881.875000,0.718750
8882.562500,0.687500
8925.437500,0.734375
9077.890625,0.828125
9078.687500,0.796875
9079.484375,0.796875
9080.218750,0.734375
9080.906250,0.687500
9083.406250,0.359375
9090.984375,0.796875
9091.765625,0.781250
9092.500000,0.734375
9114.703125,0.703125
9119.390625,0.781250
9120.187500,0.796875
9120.968750,0.781250
9121.765625,0.796875
9122.453125,0.687500
9123.093750,0.640625
9123.765625,0.671875
9124.453125,0.687500
9128.953125,0.734375
9129.765625,0.812500
9152.781250,0.781250
9153.593750,0.812500
9154.359375,0.765625
9155.125000,0.765625
9155.906250,0.781250
9156.703125,0.796875
9157.515625,0.812500
9158.265625,0.750000
9159.015625,0.750000
9159.765625,0.750000
9160.562500,0.796875
9161.343750,0.781250
9162.109375,0.765625
9162.890625,0.781250
9163.703125,0.812500
9164.546875,0.843750
9165.343750,0.796875
9166.125000,0.781250
9166.906250,0.781250
9175.187500,0.812500
9175.968750,0.781250
9180.046875,0.781250
9192.078125,0.796875
9192.906250,0.828125
9193.656250,0.750000
9194.437500,0.781250
9195.218750,0.781250
9199.031250,0.812500
9199.812500,0.781250
9200.593750,0.781250
9207.546875,0.718750
9216.687500,0.812500
9217.484375,0.796875
9233.796875,0.796875
9234.640625,0.843750
9235.437500,0.796875
9236.250000,0.812500
9237.015625,0.765625
9237.812500,0.796875
9238.593750,0.781250
9239.359375,0.765625
9261.687500,0.671875
9265.937500,0.781250
9266.718750,0.781250
9267.484375,0.765625
9268.265625,0.781250
9269.062500,0.796875
9269.843750,0.781250
9270.640625,0.796875
9271.421875,0.781250
9272.203125,0.781250
9273.000000,0.796875
9273.812500,0.812500
9274.625000,0.812500
9275.406250,0.781250
9276.187500,0.781250
9276.984375,0.796875
9277.781250,0.796875
9278.562500,0.781250
9279.296875,0.734375
9280.062500,0.765625
9280.843750,0.781250
9281.625000,0.781250
9282.375000,0.750000
9283.171875,0.796875
9283.953125,0.781250
9284.750000,0.796875
9285.500000,0.750000
9286.234375,0.734375
9287.062500,0.828125
9287.828125,0.765625
9292.437500,0.750000
9293.171875,0.734375
9297.359375,0.671875
9298.062500,0.703125
9298.687500,0.625000
9318.484375,0.718750
9319.203125,0.718750
9319.953125,0.750000
9320.656250,0.703125
9321.421875,0.765625
9334.703125,0.812500
9335.375000,0.671875
9336.296875,0.921875
9337.078125,0.781250
9337.828125,0.750000
9338.593750,0.765625
9339.406250,0.812500
9340.171875,0.765625
9344.937500,0.765625
9345.671875,0.734375
9346.453125,0.781250
9347.265625,0.812500
9348.062500,0.796875
9348.781250,0.718750
9349.484375,0.703125
9350.234375,0.750000
9678.453125,0.687500
9679.125000,0.671875
9800.562500,0.656250
9870.531250,0.453125
9870.906250,0.375000
9871.328125,0.421875
9871.718750,0.390625
9925.125000,0.781250
9934.796875,0.765625
9944.890625,0.750000
9945.484375,0.593750
10019.890625,0.828125
10020.718750,0.828125
10021.531250,0.812500
10022.328125,0.796875
10023.109375,0.781250
10023.875000,0.765625
10024.671875,0.796875
10025.562500,0.890625
10031.140625,0.781250
10035.734375,0.718750
10040.078125,0.734375
10040.843750,0.765625
10041.640625,0.796875
10042.421875,0.781250
10043.234375,0.812500
10049.500000,0.781250
10053.890625,0.734375
10079.578125,0.812500
10086.562500,0.796875
10087.312500,0.750000
10088.109375,0.796875
10088.937500,0.828125
10089.765625,0.828125
10090.562500,0.796875
10091.234375,0.671875
10117.937500,0.531250
10314.218750,0.765625
10320.343750,0.890625
10735.000000,0.656250
10877.781250,0.828125
10878.562500,0.781250
11112.890625,0.781250
11113.875000,0.984375
11114.671875,0.796875
11167.078125,0.421875
11254.796875,0.718750
11278.906250,0.640625
11332.343750,0.468750
11332.953125,0.609375
11344.562500,0.343750
11542.234375,0.406250
11542.640625,0.406250
11543.000000,0.359375
11543.437500,0.437500
11672.203125,0.781250
11672.953125,0.750000
11709.500000,0.750000
11870.468750,0.734375
11893.671875,0.796875
11894.453125,0.781250
11895.203125,0.750000
11895.843750,0.640625
11899.984375,0.765625
11900.781250,0.796875
11901.562500,0.781250
11910.968750,0.765625
11953.484375,0.765625
11954.265625,0.781250
11955.078125,0.812500
11955.906250,0.828125
11956.750000,0.843750
11957.578125,0.828125
11958.359375,0.781250
11959.140625,0.781250
11959.953125,0.812500
11960.750000,0.796875
11961.531250,0.781250
11962.375000,0.843750
11963.171875,0.796875
11979.578125,0.828125
11985.234375,0.859375
11986.015625,0.781250
11986.828125,0.812500
11987.640625,0.812500
11988.406250,0.765625
11989.234375,0.828125
11990.031250,0.796875
11990.875000,0.843750
11991.718750,0.843750
11992.500000,0.781250
11993.296875,0.796875
11994.125000,0.828125
11994.937500,0.812500
11995.781250,0.843750
11996.578125,0.796875
11997.390625,0.812500
11998.203125,0.812500
11998.953125,0.750000
12015.109375,0.812500
12015.906250,0.796875
12016.625000,0.718750
12017.375000,0.750000
12018.078125,0.703125
12018.828125,0.750000
12019.609375,0.781250
12020.359375,0.750000
12021.156250,0.796875
12022.000000,0.843750
12022.640625,0.640625
12028.312500,0.828125
12032.484375,0.671875
12033.453125,0.968750
12039.593750,0.796875
12044.218750,0.765625
12044.953125,0.734375
12045.750000,0.796875
12046.562500,0.812500
12047.343750,0.781250
12048.062500,0.718750
12048.687500,0.625000
12049.562500,0.875000
12050.218750,0.656250
12050.921875,0.703125
12058.093750,0.796875
12058.859375,0.765625
12059.609375,0.750000
12060.421875,0.812500
12061.187500,0.765625
12062.000000,0.812500
12062.750000,0.750000
12063.406250,0.656250
12064.281250,0.875000
12065.046875,0.765625
12065.843750,0.796875
12066.625000,0.781250
12067.421875,0.796875
12068.218750,0.796875
12069.031250,0.812500
12069.796875,0.765625
12070.578125,0.781250
12071.406250,0.828125
12072.234375,0.828125
12073.000000,0.765625
12073.828125,0.828125
12094.093750,0.765625
12094.968750,0.875000
12101.328125,0.515625
12105.250000,0.781250
12105.968750,0.718750
12139.437500,0.812500
12140.203125,0.765625
12140.906250,0.703125
12141.750000,0.843750
12142.468750,0.718750
12152.890625,0.875000
12169.500000,0.796875
12170.343750,0.843750
12171.203125,0.859375
12172.031250,0.828125
12172.906250,0.875000
12173.812500,0.906250
12174.546875,0.734375
12175.390625,0.843750
12176.359375,0.968750
12185.203125,0.843750
12186.015625,0.812500
12186.781250,0.765625
12187.625000,0.843750
12188.390625,0.765625
12189.171875,0.781250
12190.000000,0.828125
12190.812500,0.812500
12191.671875,0.859375
12192.531250,0.859375
12197.312500,0.796875
12198.093750,0.781250
12198.937500,0.843750
12199.687500,0.750000
12200.500000,0.812500
12201.281250,0.781250
12202.062500,0.781250
12202.796875,0.734375
12203.531250,0.734375
12210.546875,0.734375
12211.375000,0.828125
12212.171875,0.796875
12212.968750,0.796875
12213.718750,0.750000
12214.500000,0.781250
12215.265625,0.765625
12216.046875,0.781250
12216.828125,0.781250
12217.625000,0.796875
12218.453125,0.828125
12219.250000,0.796875
12220.062500,0.812500
12220.859375,0.796875
12221.734375,0.875000
12222.578125,0.843750
12230.656250,0.843750
12231.468750,0.812500
12232.312500,0.843750
12233.140625,0.828125
12233.953125,0.812500
12234.765625,0.812500
12235.500000,0.734375
12236.265625,0.765625
12237.078125,0.812500
12237.875000,0.796875
12238.671875,0.796875
12239.500000,0.828125
12240.281250,0.781250
12244.312500,0.796875
12245.140625,0.828125
12245.890625,0.750000
12246.703125,0.812500
12247.500000,0.796875
12248.328125,0.828125
12249.140625,0.812500
12250.000000,0.859375
12250.828125,0.828125
12251.671875,0.843750
12252.406250,0.734375
12253.156250,0.750000
12253.953125,0.796875
12254.765625,0.812500
12255.593750,0.828125
12256.375000,0.781250
12257.171875,0.796875
12258.015625,0.843750
12258.828125,0.812500
12259.578125,0.750000
12264.953125,0.734375
12265.765625,0.812500
12266.515625,0.750000
12267.218750,0.703125
12268.015625,0.796875
12268.796875,0.781250
12269.593750,0.796875
12270.343750,0.750000
12271.109375,0.765625
12271.906250,0.796875
12272.687500,0.781250
12273.453125,0.765625
12274.250000,0.796875
12277.640625,0.656250
12278.343750,0.703125
12279.140625,0.796875
12279.890625,0.750000
12280.671875,0.781250
12281.375000,0.703125
12282.234375,0.859375
12283.000000,0.765625
12283.718750,0.718750
12284.562500,0.843750
12285.359375,0.796875
12294.062500,0.796875
12294.859375,0.796875
12295.656250,0.796875
12296.437500,0.781250
12297.218750,0.781250
12298.015625,0.796875
12298.828125,0.812500
12299.593750,0.765625
12300.421875,0.828125
12301.218750,0.796875
12302.046875,0.828125
12302.812500,0.765625
12303.578125,0.765625
12304.359375,0.781250
12305.109375,0.750000
12305.875000,0.765625
12306.687500,0.812500
12307.437500,0.750000
12308.218750,0.781250
12309.062500,0.843750
12312.765625,0.890625
12313.656250,0.890625
12314.531250,0.875000
12315.406250,0.875000
12316.312500,0.906250
12354.000000,0.937500
12354.984375,0.984375
12399.078125,0.734375
12453.078125,0.703125
12607.562500,0.750000
12608.234375,0.671875
12615.562500,0.656250
12616.281250,0.718750
12617.062500,0.781250
12617.875000,0.812500
12618.796875,0.921875
12619.562500,0.765625
12620.281250,0.718750
12621.031250,0.750000
12621.750000,0.718750
12627.250000,0.796875
12628.046875,0.796875
12706.531250,0.453125
13421.828125,0.734375
13422.593750,0.765625
13566.093750,0.656250
13836.656250,0.703125
13837.390625,0.734375
13908.296875,0.562500
13948.343750,0.656250
13949.046875,0.703125
13949.765625,0.718750
13957.406250,0.671875
13958.265625,0.859375
13959.015625,0.750000
13959.796875,0.781250
13973.156250,0.906250
13988.671875,0.937500
14050.078125,0.812500
14067.625000,0.843750
14068.437500,0.812500
14069.187500,0.750000
14070.140625,0.953125
14070.921875,0.781250
14071.671875,0.750000
14072.515625,0.843750
14073.218750,0.703125
14073.953125,0.734375
14078.078125,0.718750
14099.875000,0.718750
14100.656250,0.781250
14101.437500,0.781250
14102.187500,0.750000
14102.937500,0.750000
14103.687500,0.750000
14341.421875,0.687500
14348.593750,0.875000
14378.390625,0.796875
14541.156250,0.312500
14575.328125,0.375000
14575.703125,0.375000
14576.031250,0.328125
14576.437500,0.406250
14576.828125,0.390625
14577.156250,0.328125
14577.578125,0.421875
14577.937500,0.359375
14578.265625,0.328125
14578.671875,0.406250
14579.062500,0.390625
14579.421875,0.359375
14579.781250,0.359375
14580.203125,0.421875
14585.250000,0.312500
14968.625000,0.546875
14969.156250,0.531250
15047.015625,0.453125
15047.578125,0.562500
15048.109375,0.531250
15048.703125,0.593750
15049.203125,0.500000
15049.812500,0.609375
15050.312500,0.500000
15050.921875,0.609375
15051.453125,0.531250
15052.015625,0.562500
15052.531250,0.515625
15055.265625,0.531250
15055.843750,0.578125
15087.296875,0.468750
15302.781250,0.484375
15313.718750,0.562500
15328.703125,0.703125
15329.453125,0.750000
15540.296875,0.546875
15759.109375,0.875000
15760.031250,0.921875
15763.515625,0.875000
15764.359375,0.843750
15765.156250,0.796875
15765.921875,0.765625
15766.750000,0.828125
15767.593750,0.843750
15768.343750,0.750000
15769.109375,0.765625
15770.000000,0.890625
15778.000000,0.796875
15778.765625,0.765625
15779.609375,0.843750
15780.421875,0.812500
15781.187500,0.765625
15781.906250,0.718750
15782.562500,0.656250
15786.921875,0.812500
15787.734375,0.812500
15788.453125,0.718750
15789.265625,0.812500
15803.796875,0.796875
15804.515625,0.718750
15805.296875,0.781250
15806.093750,0.796875
15807.062500,0.968750
15882.046875,0.984375
15885.500000,0.562500
15886.000000,0.500000
15886.640625,0.640625
15938.125000,0.921875
16004.265625,0.718750
16044.828125,0.625000
16045.421875,0.593750
16046.109375,0.687500
16071.093750,1.031250
16102.125000,0.640625
16109.109375,0.578125
16109.875000,0.765625
16110.625000,0.750000
16111.343750,0.718750
16112.109375,0.765625
16112.812500,0.703125
16113.484375,0.671875
16114.250000,0.765625
16123.484375,0.656250
16124.109375,0.625000
16124.968750,0.859375
16125.953125,0.984375
16132.156250,0.765625
16132.906250,0.750000
16133.625000,0.718750
16134.250000,0.625000
16162.593750,0.781250
16163.359375,0.765625
16164.093750,0.734375
16164.890625,0.796875
16165.656250,0.765625
16166.437500,0.781250
16167.187500,0.750000
16167.906250,0.718750
16168.718750,0.812500
16175.234375,0.671875
16175.875000,0.640625
16176.609375,0.734375
16183.390625,0.734375
16190.062500,0.703125
16190.921875,0.859375
16191.687500,0.765625
16197.828125,0.781250
16198.593750,0.765625
16199.359375,0.765625
16200.109375,0.750000
16200.843750,0.734375
16201.593750,0.750000
16202.343750,0.750000
16203.109375,0.765625
16203.828125,0.718750
16204.625000,0.796875
16205.250000,0.625000
16206.046875,0.796875
16215.281250,0.781250
16216.109375,0.828125
16216.875000,0.765625
16217.640625,0.765625
16218.453125,0.812500
16219.093750,0.640625
16231.328125,0.750000
16264.609375,0.687500
16265.343750,0.734375
16265.968750,0.625000
16271.375000,0.656250
16272.187500,0.812500
16272.984375,0.796875
16282.031250,0.718750
16286.984375,0.843750
16287.796875,0.812500
16288.656250,0.859375
16289.437500,0.781250
16290.203125,0.765625
16290.937500,0.734375
16291.656250,0.718750
16292.484375,0.828125
16293.250000,0.765625
16294.046875,0.796875
16294.828125,0.781250
16357.937500,0.640625
16375.937500,0.906250
16376.671875,0.734375
16377.609375,0.937500
16378.343750,0.734375
16379.125000,0.781250
16379.890625,0.765625
16380.609375,0.718750
16384.546875,0.812500
16385.281250,0.734375
16385.984375,0.703125
16386.781250,0.796875
16387.562500,0.781250
16400.343750,0.812500
16401.140625,0.796875
16401.859375,0.718750
16402.703125,0.843750
16403.484375,0.781250
16404.281250,0.796875
16430.750000,0.703125
16451.421875,0.750000
16469.328125,0.796875
16533.109375,0.546875
16562.187500,0.703125
16562.875000,0.687500
16597.078125,0.828125
16597.781250,0.703125
16621.796875,0.609375
16622.437500,0.640625
16664.296875,0.750000
16665.109375,0.812500
16665.828125,0.718750
16666.625000,0.796875
16667.390625,0.765625
16668.203125,0.812500
16673.125000,0.765625
16673.906250,0.781250
16678.296875,0.671875
16679.031250,0.734375
16684.500000,0.765625
16685.312500,0.812500
16686.109375,0.796875
16686.906250,0.796875
16687.703125,0.796875
16688.468750,0.765625
16708.421875,0.875000
16709.281250,0.859375
16710.125000,0.843750
16710.984375,0.859375
16711.875000,0.890625
16712.750000,0.875000
16713.593750,0.843750
16714.375000,0.781250
16715.187500,0.812500
16716.046875,0.859375
16716.906250,0.859375
16717.750000,0.843750
16718.593750,0.843750
16719.515625,0.921875
16720.437500,0.921875
16721.281250,0.843750
16722.093750,0.812500
16722.906250,0.812500
16723.796875,0.890625
16724.593750,0.796875
16725.437500,0.843750
16726.312500,0.875000
16727.140625,0.828125
16790.015625,0.875000
16790.859375,0.843750
16791.734375,0.875000
16792.562500,0.828125
16793.406250,0.843750
16794.359375,0.953125
16795.468750,1.109375
16799.718750,0.859375
16804.093750,0.843750
16804.968750,0.875000
16805.921875,0.953125
16806.875000,0.953125
16807.781250,0.906250
16808.671875,0.890625
16809.546875,0.875000
16810.421875,0.875000
16856.718750,1.203125
16925.921875,0.906250
16929.281250,0.734375
16933.843750,0.953125
16938.703125,0.812500
16939.531250,0.828125
16940.296875,0.765625
16941.125000,0.828125
16941.890625,0.765625
16942.640625,0.750000
16943.343750,0.703125
16944.078125,0.734375
16944.875000,0.796875
16945.656250,0.781250
16946.359375,0.703125
16947.203125,0.843750
16948.000000,0.796875
16948.828125,0.828125
16949.562500,0.734375
16950.375000,0.812500
16951.156250,0.781250
16951.953125,0.796875
16952.734375,0.781250
16953.515625,0.781250
16954.343750,0.828125
16955.187500,0.843750
16956.093750,0.906250
16956.890625,0.796875
16957.703125,0.812500
16958.546875,0.843750
16959.375000,0.828125
16960.343750,0.968750
16961.093750,0.750000
16961.890625,0.796875
16962.703125,0.812500
16981.156250,1.234375
16988.265625,0.828125
16989.062500,0.796875
16994.656250,0.843750
16995.468750,0.812500
16996.296875,0.828125
16997.109375,0.812500
16997.937500,0.828125
16998.796875,0.859375
16999.578125,0.781250
17000.375000,0.796875
17001.140625,0.765625
17001.968750,0.828125
17002.765625,0.796875
17003.562500,0.796875
17004.406250,0.843750
17005.281250,0.875000
17006.203125,0.921875
17007.046875,0.843750
17129.593750,0.468750
17165.687500,0.843750
17166.343750,0.656250
17167.265625,0.921875
17168.093750,0.828125
17168.812500,0.718750
17208.968750,0.796875
17209.750000,0.781250
17213.562500,0.703125
17214.453125,0.890625
17215.250000,0.796875
17273.656250,0.687500
17281.015625,0.687500
17281.750000,0.734375
17282.484375,0.734375
17283.281250,0.796875
17284.093750,0.812500
17285.015625,0.921875
17293.968750,0.609375
17304.250000,0.796875
17313.921875,0.765625
17314.671875,0.750000
17315.390625,0.718750
17316.296875,0.906250
17317.015625,0.718750
17320.875000,0.812500
17321.687500,0.812500
17322.562500,0.875000
17323.390625,0.828125
17324.296875,0.906250
17325.093750,0.796875
17325.875000,0.781250
17326.750000,0.875000
17327.593750,0.843750
17328.406250,0.812500
17329.187500,0.781250
17329.968750,0.781250
17330.781250,0.812500
17331.593750,0.812500
17332.359375,0.765625
17333.140625,0.781250
17333.921875,0.781250
17334.687500,0.765625
17335.484375,0.796875
17336.203125,0.718750
17337.031250,0.828125
17337.781250,0.750000
17338.593750,0.812500
17339.328125,0.734375
17340.109375,0.781250
17340.875000,0.765625
17341.656250,0.781250
17356.343750,0.781250
17357.140625,0.796875
17357.906250,0.765625
17358.687500,0.781250
17359.437500,0.750000
17360.265625,0.828125
17361.078125,0.812500
17361.843750,0.765625
17416.718750,0.859375
17458.468750,0.703125
17543.812500,0.796875
17544.843750,1.031250
17563.812500,0.781250
17599.859375,0.750000
17600.593750,0.734375
17601.390625,0.796875
17602.109375,0.718750
17602.718750,0.609375
17603.421875,0.703125
17604.234375,0.812500
17721.890625,0.703125
17722.531250,0.640625
17723.218750,0.687500
17723.890625,0.671875
17724.562500,0.671875
17732.093750,0.656250
17744.906250,0.609375
17745.671875,0.765625
17769.031250,0.750000
17769.812500,0.781250
17770.625000,0.812500
17771.453125,0.828125
17772.281250,0.828125
17773.093750,0.812500
17773.921875,0.828125
17774.718750,0.796875
17775.546875,0.828125
17776.359375,0.812500
17968.703125,0.640625
17969.281250,0.578125
17979.109375,0.671875
18058.734375,1.109375
18059.656250,0.921875
18060.484375,0.828125
18061.375000,0.890625
18092.625000,0.937500
18106.750000,0.859375
18107.437500,0.687500
18157.140625,0.671875
18157.843750,0.703125
18158.625000,0.781250
18159.234375,0.609375
18352.359375,0.781250
18391.593750,0.984375
18407.281250,0.703125
18408.015625,0.734375
19098.015625,0.718750
19098.703125,0.687500
19148.968750,0.890625
19268.578125,0.828125
19440.656250,0.781250
19441.328125,0.671875
19442.203125,0.875000
19442.984375,0.781250
19443.703125,0.718750
19454.437500,0.984375
19455.125000,0.687500
19455.843750,0.718750
19473.468750,0.765625
19992.359375,0.546875
20029.750000,0.625000
20047.281250,0.656250
20398.640625,0.609375
20889.625000,0.718750
20994.515625,0.843750
21204.468750,0.828125
21205.312500,0.843750
21206.031250,0.718750
21238.812500,0.953125
21272.671875,0.656250
21293.703125,0.796875
21294.546875,0.843750
21295.453125,0.906250
21296.156250,0.703125
21301.250000,0.859375
21302.109375,0.859375
21310.140625,0.734375
21310.890625,0.750000
21311.609375,0.718750
21318.500000,1.046875
21319.328125,0.828125
21320.109375,0.781250
21320.968750,0.859375
21321.859375,0.890625
21322.703125,0.843750
21323.546875,0.843750
21324.421875,0.875000
21325.296875,0.875000
21326.171875,0.875000
21327.078125,0.906250
21327.953125,0.875000
21328.734375,0.781250
21329.453125,0.718750
21330.218750,0.765625
21330.968750,0.750000
21331.796875,0.828125
21332.640625,0.843750
21333.375000,0.734375
21334.140625,0.765625
21334.953125,0.812500
21335.859375,0.906250
21336.671875,0.812500
21337.500000,0.828125
21338.328125,0.828125
21339.140625,0.812500
21339.906250,0.765625
21340.703125,0.796875
21341.531250,0.828125
21342.375000,0.843750
21343.156250,0.781250
21343.968750,0.812500
21344.781250,0.812500
21345.578125,0.796875
21346.453125,0.875000
21347.250000,0.796875
21348.078125,0.828125
21348.890625,0.812500
21349.859375,0.968750
21350.640625,0.781250
21351.406250,0.765625
21352.203125,0.796875
21352.984375,0.781250
21353.687500,0.703125
21354.421875,0.734375
21360.062500,0.812500
21360.875000,0.812500
21361.703125,0.828125
21362.500000,0.796875
21363.312500,0.812500
21368.968750,0.781250
21369.781250,0.812500
21370.609375,0.828125
21371.421875,0.812500
21372.234375,0.812500
21373.062500,0.828125
21373.859375,0.796875
21374.640625,0.781250
21375.359375,0.718750
21376.109375,0.750000
21376.843750,0.734375
21377.625000,0.781250
21378.453125,0.828125
21379.125000,0.671875
21379.984375,0.859375
21380.671875,0.687500
21381.453125,0.781250
21382.234375,0.781250
21383.046875,0.812500
21383.843750,0.796875
21384.640625,0.796875
21393.140625,0.843750
21393.937500,0.796875
21394.796875,0.859375
21395.640625,0.843750
21411.484375,0.687500
21450.015625,0.796875
21450.781250,0.765625
21451.625000,0.843750
21465.546875,0.796875
21471.203125,0.953125
21493.609375,0.812500
21494.375000,0.765625
21495.046875,0.671875
21495.921875,0.875000
21496.859375,0.937500
21497.609375,0.750000
21498.343750,0.734375
21499.000000,0.656250
21499.640625,0.640625
21500.375000,0.734375
21501.250000,0.875000
21502.140625,0.890625
21502.875000,0.734375
21503.531250,0.656250
21528.187500,0.656250
21552.296875,0.718750
21594.468750,0.796875
21597.515625,0.687500
21598.234375,0.718750
21599.000000,0.765625
22282.812500,0.750000
22283.515625,0.703125
22284.203125,0.687500
22284.843750,0.640625
22285.484375,0.640625
22316.000000,1.093750
22584.312500,0.609375
22584.765625,0.453125
22636.843750,0.984375
22653.109375,0.828125
22905.078125,0.859375
22905.921875,0.843750
23063.359375,1.000000
23064.484375,1.125000
23081.984375,1.093750
23083.187500,1.203125
23091.531250,0.593750
23113.234375,1.203125
23132.453125,1.046875
23212.593750,0.937500
23213.296875,0.703125
23213.968750,0.671875
23214.703125,0.734375
23215.437500,0.734375
23216.187500,0.750000
23216.968750,0.781250
23217.734375,0.765625
23218.515625,0.781250
23219.125000,0.609375
23219.937500,0.812500
23220.531250,0.593750
23235.984375,0.656250
23238.687500,0.640625
23239.484375,0.796875
23240.187500,0.703125
23486.328125,0.703125
23519.562500,0.781250
23618.281250,0.859375
23619.000000,0.718750
23619.671875,0.671875
23707.187500,0.718750
23715.984375,0.687500
23764.437500,0.796875
23765.406250,0.968750
23766.296875,0.890625
23767.062500,0.765625
23767.843750,0.781250
23768.593750,0.750000
23769.312500,0.718750
23770.171875,0.859375
23770.828125,0.656250
23771.593750,0.765625
23926.265625,0.781250
23931.421875,0.687500
23961.500000,0.968750
24078.750000,0.906250
24103.609375,0.859375
24145.375000,0.781250
24146.140625,0.765625
24336.781250,0.968750
24337.515625,0.734375
24338.140625,0.625000
24483.500000,0.671875
24647.281250,0.906250
24648.140625,0.859375
24649.062500,0.921875
24649.875000,0.812500
24650.703125,0.828125
24655.921875,0.953125
24656.687500,0.765625
24808.765625,0.859375
24843.562500,0.687500
24938.078125,1.078125
24939.140625,1.062500
24970.671875,1.171875
25034.718750,0.796875
25387.656250,0.625000
25506.062500,0.625000
25506.687500,0.625000
25807.843750,0.828125
25808.562500,0.718750
25809.406250,0.843750
25810.156250,0.750000
25929.312500,0.812500
25930.140625,0.828125
25930.937500,0.796875
25934.859375,0.765625
25935.625000,0.765625
25936.375000,0.750000
25937.125000,0.750000
25946.234375,0.406250
26388.718750,0.812500
26536.453125,0.828125
26577.328125,0.781250
26640.734375,0.796875
26641.718750,0.984375
26705.046875,0.687500
26761.578125,0.765625
26762.484375,0.906250
26763.234375,0.750000
26904.984375,1.015625
26949.140625,1.031250
27057.750000,0.656250
27058.453125,0.703125
27073.156250,0.703125
27074.078125,0.921875
27074.828125,0.750000
27075.593750,0.765625
27076.218750,0.625000
27095.703125,0.781250
27096.453125,0.750000
27097.140625,0.687500
27097.796875,0.656250
27111.687500,0.640625
27112.218750,0.531250
27185.296875,0.640625
27244.546875,0.781250
27245.328125,0.781250
27246.109375,0.781250
27246.937500,0.828125
27457.765625,0.796875
27458.593750,0.828125
27480.015625,0.781250
27480.812500,0.796875
27481.609375,0.796875
27482.359375,0.750000
27483.125000,0.765625
27484.000000,0.875000
27484.765625,0.765625
27485.625000,0.859375
27508.765625,0.734375
27509.515625,0.750000
27510.234375,0.718750
27510.953125,0.718750
27515.234375,0.703125
27515.968750,0.734375
27516.750000,0.781250
27517.515625,0.765625
27518.281250,0.765625
27519.046875,0.765625
27519.718750,0.671875
27561.703125,0.593750
27566.375000,0.781250
27567.156250,0.781250
27575.281250,0.734375
27576.015625,0.734375
27585.125000,0.812500
27585.921875,0.796875
27645.187500,0.890625
27645.953125,0.765625
27646.734375,0.781250
27647.515625,0.781250
27651.531250,0.781250
27652.359375,0.828125
27653.109375,0.750000
27653.921875,0.812500
27654.734375,0.812500
27655.515625,0.781250
27656.234375,0.718750
27656.968750,0.734375
27657.640625,0.671875
27658.359375,0.718750
27676.812499,0.750000
27677.546874,0.734375
27681.374999,0.796875
27682.156249,0.781250
27682.765624,0.609375
27686.796874,0.765625
27707.140624,0.781250
27707.968749,0.828125
27708.843749,0.875000
27709.546874,0.703125
27710.515624,0.968750
27719.640624,0.812500
27720.453124,0.812500
27721.312499,0.859375
27722.093749,0.781250
27722.843749,0.750000
27723.624999,0.781250
27724.531249,0.906250
27754.953124,0.781250
27755.734374,0.781250
27756.484374,0.750000
27757.281249,0.796875
27773.562499,0.750000
27774.265624,0.703125
27775.046874,0.781250
27775.812499,0.765625
27781.718749,0.765625
27782.515624,0.796875
27783.312499,0.796875
27784.109374,0.796875
27785.078124,0.968750
27785.843749,0.765625
27786.609374,0.765625
27790.343749,0.765625
27791.078124,0.734375
27791.843749,0.765625
27867.062499,0.843750
27867.890624,0.828125
27871.734374,0.750000
27931.015624,0.593750
28080.374999,0.812500
28414.328124,0.859375
28415.124999,0.796875
28449.062499,0.609375
28455.343749,0.640625
28471.296874,0.765625
28502.781249,0.734375
28512.187499,1.218750
