1670572615.000000, IBI
126.093750,0.421875
126.593750,0.500000
211.562500,0.796875
212.453125,0.890625
213.406250,0.953125
214.171875,0.765625
215.171875,1.000000
216.062500,0.890625
217.015625,0.953125
217.921875,0.906250
218.875000,0.953125
219.843750,0.968750
220.781250,0.937500
221.671875,0.890625
251.281250,0.906250
252.281250,1.000000
253.187500,0.906250
254.062500,0.875000
255.000000,0.937500
255.828125,0.828125
256.953125,1.125000
270.171875,0.843750
271.125000,0.953125
272.031250,0.906250
272.906250,0.875000
273.812500,0.906250
274.812500,1.000000
275.750000,0.937500
276.640625,0.890625
277.546875,0.906250
278.515625,0.968750
279.406250,0.890625
280.328125,0.921875
281.218750,0.890625
282.109375,0.890625
282.921875,0.812500
283.812500,0.890625
284.750000,0.937500
298.953125,0.968750
299.828125,0.875000
300.781250,0.953125
301.703125,0.921875
302.593750,0.890625
352.531250,0.906250
384.453125,0.500000
396.234375,0.937500
425.000000,0.796875
425.859375,0.859375
426.578125,0.718750
427.468750,0.890625
428.390625,0.921875
429.296875,0.906250
430.015625,0.718750
566.703125,0.796875
617.890625,0.937500
618.750000,0.859375
619.656250,0.906250
620.593750,0.937500
621.468750,0.875000
622.312500,0.843750
623.171875,0.859375
624.109375,0.937500
624.968750,0.859375
625.703125,0.734375
634.578125,0.843750
640.468750,0.890625
641.375000,0.906250
642.234375,0.859375
643.140625,0.906250
644.078125,0.937500
644.953125,0.875000
645.890625,0.937500
646.890625,1.000000
647.859375,0.968750
648.734375,0.875000
649.625000,0.890625
650.531250,0.906250
651.484375,0.953125
652.375000,0.890625
653.281250,0.906250
654.265625,0.984375
659.453125,0.906250
670.062500,0.859375
670.984375,0.921875
671.875000,0.890625
672.687500,0.812500
673.515625,0.828125
674.453125,0.937500
675.359375,0.906250
676.171875,0.812500
818.375000,0.937500
819.156250,0.781250
820.187500,1.031250
821.078125,0.890625
908.546875,0.718750
941.046875,0.828125
941.937500,0.890625
942.828125,0.890625
943.703125,0.875000
944.625000,0.921875
945.515625,0.890625
946.406250,0.890625
947.265625,0.859375
948.187500,0.921875
949.093750,0.906250
949.937500,0.843750
950.796875,0.859375
951.687500,0.890625
952.546875,0.859375
953.453125,0.906250
954.390625,0.937500
955.296875,0.906250
956.140625,0.843750
957.015625,0.875000
957.921875,0.906250
958.796875,0.875000
959.640625,0.843750
960.546875,0.906250
961.468750,0.921875
962.296875,0.828125
963.156250,0.859375
964.031250,0.875000
964.968750,0.937500
965.765625,0.796875
966.593750,0.828125
967.468750,0.875000
968.281250,0.812500
969.140625,0.859375
969.984375,0.843750
970.859375,0.875000
971.640625,0.781250
972.484375,0.843750
978.046875,0.812500
978.875000,0.828125
979.718750,0.843750
980.578125,0.859375
981.390625,0.812500
982.187500,0.796875
983.156250,0.968750
984.000000,0.843750
984.828125,0.828125
985.703125,0.875000
1008.875000,0.828125
1009.781250,0.906250
1010.625000,0.843750
1011.421875,0.796875
1012.265625,0.843750
1013.187500,0.921875
1014.031250,0.843750
1014.890625,0.859375
1015.703125,0.812500
1016.546875,0.843750
1017.437500,0.890625
1018.265625,0.828125
1019.078125,0.812500
1020.000000,0.921875
1020.859375,0.859375
1021.687500,0.828125
1022.562500,0.875000
1023.406250,0.843750
1024.203125,0.796875
1025.000000,0.796875
1025.796875,0.796875
1026.578125,0.781250
1027.375000,0.796875
1028.171875,0.796875
1037.140625,0.718750
1046.875000,0.890625
1047.812500,0.937500
1079.968750,0.812500
1087.578125,0.921875
1195.734375,0.953125
1196.687500,0.953125
1197.640625,0.953125
1198.562500,0.921875
1199.562500,1.000000
1204.218750,1.062500
1205.171875,0.953125
1206.125000,0.953125
1207.000000,0.875000
1207.906250,0.906250
1208.828125,0.921875
1209.718750,0.890625
1210.562500,0.843750
1211.421875,0.859375
1212.390625,0.968750
1213.203125,0.812500
1220.046875,0.828125
1220.843750,0.796875
1221.625000,0.781250
1222.468750,0.843750
1223.312500,0.843750
1224.171875,0.859375
1225.015625,0.843750
1230.109375,0.875000
1231.046875,0.937500
1231.890625,0.843750
1232.765625,0.875000
1233.656250,0.890625
1234.578125,0.921875
1235.437500,0.859375
1236.265625,0.828125
1367.500000,0.875000
1382.250000,0.968750
1383.312500,1.062500
1441.453125,0.828125
1448.312500,0.906250
1449.156250,0.843750
1450.078125,0.921875
1451.078125,1.000000
1452.031250,0.953125
1452.859375,0.828125
1453.812500,0.953125
1454.734375,0.921875
1455.625000,0.890625
1456.468750,0.843750
1457.406250,0.937500
1458.281250,0.875000
1459.171875,0.890625
1460.031250,0.859375
1460.906250,0.875000
1461.781250,0.875000
1462.656250,0.875000
1463.531250,0.875000
1464.421875,0.890625
1465.296875,0.875000
1466.140625,0.843750
1467.000000,0.859375
1467.875000,0.875000
1468.718750,0.843750
1469.578125,0.859375
1470.531250,0.953125
1498.656250,0.937500
1499.500000,0.843750
1500.312500,0.812500
1514.593750,0.890625
1515.468750,0.875000
1516.296875,0.828125
1517.140625,0.843750
1517.984375,0.843750
1518.828125,0.843750
1519.671875,0.843750
1520.515625,0.843750
1521.390625,0.875000
1522.296875,0.906250
1523.140625,0.843750
1592.031250,0.875000
1627.953125,0.656250
1642.937500,0.875000
1658.718750,0.812500
1659.500000,0.781250
1664.109375,0.796875
1665.000000,0.890625
1671.078125,0.921875
1678.187500,0.734375
1695.781250,0.968750
1696.734375,0.953125
1697.687500,0.953125
1698.593750,0.906250
1699.562500,0.968750
1700.468750,0.906250
1701.390625,0.921875
1702.390625,1.000000
1708.515625,0.937500
1709.406250,0.890625
1710.328125,0.921875
1711.218750,0.890625
1712.062500,0.843750
1712.906250,0.843750
1713.921875,1.015625
1714.796875,0.875000
1715.671875,0.875000
1716.562500,0.890625
1717.421875,0.859375
1718.312500,0.890625
1719.250000,0.937500
1720.187500,0.937500
1721.375000,1.187500
1735.015625,0.890625
1735.953125,0.937500
1737.046875,1.093750
1737.906250,0.859375
1738.812500,0.906250
1739.796875,0.984375
1740.781250,0.984375
1741.765625,0.984375
1742.687500,0.921875
1743.718750,1.031250
1744.671875,0.953125
1745.875000,1.203125
1787.296875,0.859375
1788.125000,0.828125
1788.953125,0.828125
1789.781250,0.828125
1790.687500,0.906250
1791.531250,0.843750
1792.406250,0.875000
1796.687500,0.906250
1797.484375,0.796875
1798.437500,0.953125
1799.187500,0.750000
1799.875000,0.687500
1814.828125,1.062500
1815.671875,0.843750
1816.593750,0.921875
1817.453125,0.859375
1818.437500,0.984375
1819.328125,0.890625
1820.312500,0.984375
1821.312500,1.000000
1822.140625,0.828125
1822.921875,0.781250
1942.140625,0.515625
1966.453125,0.796875
1967.187500,0.734375
1981.015625,0.828125
1981.921875,0.906250
1982.781250,0.859375
1983.671875,0.890625
1984.500000,0.828125
1985.375000,0.875000
1986.203125,0.828125
2014.921875,0.859375
2015.890625,0.968750
2016.781250,0.890625
2017.656250,0.875000
2018.625000,0.968750
2019.609375,0.984375
2020.531250,0.921875
2021.546875,1.015625
2022.390625,0.843750
2023.296875,0.906250
2030.328125,0.781250
2031.125000,0.796875
2031.953125,0.828125
2032.750000,0.796875
2033.578125,0.828125
2034.406250,0.828125
2035.156250,0.750000
2035.968750,0.812500
2036.812500,0.843750
2037.656250,0.843750
2038.437500,0.781250
2039.218750,0.781250
2040.125000,0.906250
2040.937500,0.812500
2041.734375,0.796875
2042.593750,0.859375
2043.421875,0.828125
2044.234375,0.812500
2045.046875,0.812500
2045.984375,0.937500
2046.859375,0.875000
2047.671875,0.812500
2067.718750,0.718750
2068.546875,0.828125
2069.406250,0.859375
2070.171875,0.765625
2071.000000,0.828125
2071.890625,0.890625
2072.750000,0.859375
2073.656250,0.906250
2074.531250,0.875000
2075.437500,0.906250
2076.343750,0.906250
2077.312500,0.968750
2078.234375,0.921875
2079.156250,0.921875
2080.078125,0.921875
2080.953125,0.875000
2096.265625,0.812500
2097.125000,0.859375
2097.984375,0.859375
2098.812500,0.828125
2099.656250,0.843750
2100.500000,0.843750
2123.937500,0.984375
2156.218750,0.859375
2157.140625,0.921875
2158.125000,0.984375
2159.000000,0.875000
2190.671875,0.890625
2191.640625,0.968750
2192.531250,0.890625
2193.421875,0.890625
2194.375000,0.953125
2195.312500,0.937500
2196.187500,0.875000
2240.265625,0.609375
2257.453125,0.906250
2258.390625,0.937500
2259.312500,0.921875
2260.171875,0.859375
2261.046875,0.875000
2269.687500,0.796875
2270.562500,0.875000
2271.375000,0.812500
2272.234375,0.859375
2273.062500,0.828125
2273.906250,0.843750
2296.421875,0.968750
2297.343750,0.921875
2298.281250,0.937500
2299.234375,0.953125
2300.140625,0.906250
2301.093750,0.953125
2302.000000,0.906250
2302.906250,0.906250
2303.828125,0.921875
2312.125000,0.828125
2313.078125,0.953125
2313.859375,0.781250
2325.140625,0.718750
2331.218750,0.843750
2332.062500,0.843750
2332.828125,0.765625
2333.671875,0.843750
2334.500000,0.828125
2335.375000,0.875000
2336.187500,0.812500
2337.093750,0.906250
2337.953125,0.859375
2338.796875,0.843750
2339.656250,0.859375
2365.531250,0.812500
2366.359375,0.828125
2367.343750,0.984375
2427.031250,0.828125
2427.859375,0.828125
2428.609375,0.750000
2429.468750,0.859375
2430.281250,0.812500
2431.093750,0.812500
2431.921875,0.828125
2432.796875,0.875000
2433.656250,0.859375
2438.796875,0.921875
2439.734375,0.937500
2440.593750,0.859375
2441.578125,0.984375
2442.500000,0.921875
2443.390625,0.890625
2444.281250,0.890625
2445.125000,0.843750
2446.015625,0.890625
2446.750000,0.734375
2447.609375,0.859375
2448.578125,0.968750
2449.484375,0.906250
2450.359375,0.875000
2464.015625,0.828125
2464.859375,0.843750
2465.890625,1.031250
2466.812500,0.921875
2467.875000,1.062500
2468.687500,0.812500
2475.468750,0.859375
2476.343750,0.875000
2477.156250,0.812500
2478.015625,0.859375
2485.046875,0.515625
2542.875000,0.796875
2543.875000,1.000000
2584.828125,0.953125
2585.593750,0.765625
2586.531250,0.937500
2587.687500,1.156250
2620.171875,0.703125
2633.140625,0.468750
2643.515625,0.984375
2644.500000,0.984375
2645.250000,0.750000
2668.890625,1.000000
2669.796875,0.906250
2682.078125,0.546875
2719.750000,0.875000
2720.656250,0.906250
2721.593750,0.937500
2722.406250,0.812500
2727.625000,0.984375
2728.406250,0.781250
2729.359375,0.953125
2730.234375,0.875000
2731.234375,1.000000
2732.125000,0.890625
2732.921875,0.796875
2733.812500,0.890625
2734.765625,0.953125
2735.656250,0.890625
2736.578125,0.921875
2737.437500,0.859375
2738.375000,0.937500
2739.218750,0.843750
2740.125000,0.906250
2741.062500,0.937500
2741.890625,0.828125
2742.750000,0.859375
2743.687500,0.937500
2744.562500,0.875000
2745.390625,0.828125
2746.281250,0.890625
2755.937500,0.859375
2756.812500,0.875000
2757.765625,0.953125
2758.609375,0.843750
2759.515625,0.906250
2760.375000,0.859375
2761.265625,0.890625
2762.078125,0.812500
2762.984375,0.906250
2763.875000,0.890625
2764.687500,0.812500
2765.593750,0.906250
2766.437500,0.843750
2767.265625,0.828125
2774.328125,0.828125
2775.140625,0.812500
2775.984375,0.843750
2776.890625,0.906250
2777.781250,0.890625
2778.468750,0.687500
2779.484375,1.015625
2780.390625,0.906250
2781.171875,0.781250
2803.046875,0.906250
2803.890625,0.843750
2804.781250,0.890625
2805.687500,0.906250
2806.578125,0.890625
2807.437500,0.859375
2808.328125,0.890625
2809.265625,0.937500
2810.281250,1.015625
2811.171875,0.890625
2812.140625,0.968750
2812.984375,0.843750
2814.031250,1.046875
2814.875000,0.843750
2815.750000,0.875000
2816.796875,1.046875
2817.734375,0.937500
2818.609375,0.875000
2819.484375,0.875000
2820.406250,0.921875
2821.234375,0.828125
2916.828125,0.828125
2917.687500,0.859375
2918.500000,0.812500
2919.328125,0.828125
2920.140625,0.812500
2921.000000,0.859375
2921.750000,0.750000
2922.562500,0.812500
2923.187500,0.625000
2924.109375,0.921875
2924.937500,0.828125
2925.656250,0.718750
2926.546875,0.890625
2943.812500,0.812500
2944.640625,0.828125
2959.421875,0.843750
2960.390625,0.968750
2961.281250,0.890625
2972.578125,0.765625
2973.406250,0.828125
2974.250000,0.843750
2975.109375,0.859375
2975.906250,0.796875
2976.765625,0.859375
2977.640625,0.875000
2978.437500,0.796875
2979.234375,0.796875
2980.062500,0.828125
2980.906250,0.843750
2981.718750,0.812500
2982.531250,0.812500
2983.359375,0.828125
2984.171875,0.812500
2984.921875,0.750000
2985.734375,0.812500
2986.578125,0.843750
2987.375000,0.796875
2988.203125,0.828125
3041.234375,0.906250
3042.109375,0.875000
3042.984375,0.875000
3043.875000,0.890625
3044.703125,0.828125
3045.656250,0.953125
3046.468750,0.812500
3047.343750,0.875000
3048.171875,0.828125
3049.031250,0.859375
3049.875000,0.843750
3050.687500,0.812500
3051.515625,0.828125
3052.328125,0.812500
3053.125000,0.796875
3054.000000,0.875000
3054.906250,0.906250
3096.546875,0.968750
3097.484375,0.937500
3107.781250,0.812500
3108.593750,0.812500
3109.531250,0.937500
3110.390625,0.859375
3111.250000,0.859375
3112.109375,0.859375
3113.000000,0.890625
3113.890625,0.890625
3114.718750,0.828125
3115.562500,0.843750
3116.421875,0.859375
3117.234375,0.812500
3117.984375,0.750000
3118.781250,0.796875
3119.593750,0.812500
3120.359375,0.765625
3121.140625,0.781250
3121.937500,0.796875
3122.734375,0.796875
3126.796875,0.812500
3127.625000,0.828125
3128.484375,0.859375
3129.312500,0.828125
3130.171875,0.859375
3131.000000,0.828125
3131.843750,0.843750
3132.656250,0.812500
3133.500000,0.843750
3134.343750,0.843750
3167.046875,0.828125
3167.921875,0.875000
3168.781250,0.859375
3169.734375,0.953125
3170.609375,0.875000
3171.406250,0.796875
3177.265625,0.875000
3178.046875,0.781250
3178.875000,0.828125
3179.671875,0.796875
3303.843750,0.750000
3304.562500,0.718750
3305.187500,0.625000
3305.828125,0.640625
3321.984375,0.750000
3330.656250,0.906250
3331.578125,0.921875
3332.359375,0.781250
3333.421875,1.062500
3334.328125,0.906250
3335.203125,0.875000
3336.078125,0.875000
3336.984375,0.906250
3337.765625,0.781250
3338.593750,0.828125
3339.468750,0.875000
3340.328125,0.859375
3341.171875,0.843750
3342.109375,0.937500
3342.968750,0.859375
3343.859375,0.890625
3344.812500,0.953125
3345.703125,0.890625
3346.562500,0.859375
3347.468750,0.906250
3348.390625,0.921875
3349.203125,0.812500
3365.937500,0.968750
3366.875000,0.937500
3367.781250,0.906250
3368.640625,0.859375
3392.968750,0.906250
3393.859375,0.890625
3394.750000,0.890625
3395.687500,0.937500
3415.859375,0.906250
3433.281250,1.031250
3434.156250,0.875000
3435.015625,0.859375
3435.890625,0.875000
3436.796875,0.906250
3437.812500,1.015625
3438.640625,0.828125
3439.562500,0.921875
3452.421875,0.984375
3458.000000,0.718750
3458.703125,0.703125
3459.406250,0.703125
3460.187500,0.781250
3461.062500,0.875000
3461.937500,0.875000
3462.765625,0.828125
3486.609375,0.875000
3487.453125,0.843750
3488.453125,1.000000
3489.250000,0.796875
3493.843750,0.781250
3494.703125,0.859375
3495.593750,0.890625
3496.453125,0.859375
3563.578125,0.875000
3564.437500,0.859375
3565.343750,0.906250
3580.187500,0.875000
3581.156250,0.968750
3582.015625,0.859375
3587.296875,0.875000
3588.203125,0.906250
3589.062500,0.859375
3590.015625,0.953125
3603.250000,0.828125
3604.078125,0.828125
3604.921875,0.843750
3605.937500,1.015625
3606.796875,0.859375
3607.750000,0.953125
3618.531250,0.828125
3619.421875,0.890625
3620.343750,0.921875
3621.234375,0.890625
3622.156250,0.921875
3622.968750,0.812500
3623.921875,0.953125
3624.796875,0.875000
3625.687500,0.890625
3626.515625,0.828125
3627.406250,0.890625
3628.281250,0.875000
3629.171875,0.890625
3630.078125,0.906250
3642.031250,0.828125
3642.843750,0.812500
3643.578125,0.734375
3644.375000,0.796875
3645.156250,0.781250
3646.031250,0.875000
3670.453125,0.671875
3684.140625,0.750000
3684.937500,0.796875
3695.296875,0.796875
3695.875000,0.578125
3736.812500,0.812500
3737.640625,0.828125
3738.484375,0.843750
3753.312500,0.937500
3754.203125,0.890625
3755.078125,0.875000
3755.984375,0.906250
3756.843750,0.859375
3757.703125,0.859375
3758.562500,0.859375
3759.406250,0.843750
3760.250000,0.843750
3761.187500,0.937500
3761.984375,0.796875
3762.890625,0.906250
3763.765625,0.875000
3764.593750,0.828125
3765.468750,0.875000
3766.328125,0.859375
3767.187500,0.859375
3768.031250,0.843750
3768.906250,0.875000
3769.765625,0.859375
3770.593750,0.828125
3771.531250,0.937500
3772.390625,0.859375
3773.281250,0.890625
3774.203125,0.921875
3775.078125,0.875000
3775.968750,0.890625
3776.875000,0.906250
3777.781250,0.906250
3778.656250,0.875000
3834.796875,0.468750
3851.828125,1.000000
3852.921875,1.093750
3853.828125,0.906250
3855.000000,1.171875
3881.515625,0.343750
3881.890625,0.375000
3882.234375,0.343750
3882.562500,0.328125
3882.984375,0.421875
3904.781250,0.937500
3905.718750,0.937500
3906.640625,0.921875
3907.500000,0.859375
3908.437500,0.937500
3909.312500,0.875000
3910.390625,1.078125
3911.328125,0.937500
3912.421875,1.093750
3944.265625,0.921875
3945.187500,0.921875
3946.109375,0.921875
3947.109375,1.000000
3948.156250,1.046875
3949.140625,0.984375
3950.140625,1.000000
3951.078125,0.937500
3951.921875,0.843750
3952.843750,0.921875
3953.796875,0.953125
3954.718750,0.921875
3965.125000,0.812500
3966.000000,0.875000
3966.875000,0.875000
3967.671875,0.796875
3968.484375,0.812500
3969.328125,0.843750
3970.281250,0.953125
3971.140625,0.859375
3972.046875,0.906250
3972.953125,0.906250
3979.531250,1.125000
3980.343750,0.812500
3987.328125,0.921875
4072.046875,0.906250
4072.953125,0.906250
4096.468750,0.828125
4097.296875,0.828125
4136.546875,0.890625
4137.484375,0.937500
4138.484375,1.000000
4139.265625,0.781250
4140.187500,0.921875
4141.234375,1.046875
4142.062500,0.828125
4142.906250,0.843750
4163.703125,0.875000
4164.640625,0.937500
4165.468750,0.828125
4166.281250,0.812500
4180.515625,0.796875
4185.734375,0.796875
4186.562500,0.828125
4187.406250,0.843750
4188.281250,0.875000
4189.109375,0.828125
4189.984375,0.875000
4190.875000,0.890625
4202.656250,0.890625
4203.531250,0.875000
4204.390625,0.859375
4208.984375,1.031250
4214.312500,0.859375
4215.156250,0.843750
4215.953125,0.796875
4216.968750,1.015625
4217.859375,0.890625
4218.593750,0.734375
4219.484375,0.890625
4220.359375,0.875000
4225.828125,0.890625
4226.656250,0.828125
4227.562500,0.906250
4228.421875,0.859375
4229.328125,0.906250
4237.562500,0.890625
4238.343750,0.781250
4239.171875,0.828125
4240.046875,0.875000
4241.000000,0.953125
4241.859375,0.859375
4242.593750,0.734375
4243.640625,1.046875
4244.531250,0.890625
4249.671875,0.859375
4250.546875,0.875000
4254.187500,0.875000
4255.140625,0.953125
4255.937500,0.796875
4256.828125,0.890625
4257.703125,0.875000
4258.546875,0.843750
4259.312500,0.765625
4260.359375,1.046875
4261.156250,0.796875
4262.046875,0.890625
4263.078125,1.031250
4263.890625,0.812500
4264.765625,0.875000
4265.734375,0.968750
4266.640625,0.906250
4267.531250,0.890625
4268.484375,0.953125
4269.500000,1.015625
4270.484375,0.984375
4271.437500,0.953125
4272.328125,0.890625
4273.156250,0.828125
4274.234375,1.078125
4275.078125,0.843750
4275.968750,0.890625
4276.906250,0.937500
4277.765625,0.859375
4278.703125,0.937500
4283.312500,0.812500
4284.328125,1.015625
4285.187500,0.859375
4288.921875,0.968750
4289.875000,0.953125
4290.781250,0.906250
4291.734375,0.953125
4297.093750,0.937500
4297.953125,0.859375
4298.906250,0.953125
4299.890625,0.984375
4300.734375,0.843750
4301.640625,0.906250
4302.609375,0.968750
4303.468750,0.859375
4304.390625,0.921875
4305.375000,0.984375
4306.265625,0.890625
4307.187500,0.921875
4317.453125,0.859375
4318.343750,0.890625
4319.218750,0.875000
4320.281250,1.062500
4321.218750,0.937500
4322.187500,0.968750
4323.171875,0.984375
4324.031250,0.859375
4324.906250,0.875000
4325.750000,0.843750
4326.609375,0.859375
4327.375000,0.765625
4328.328125,0.953125
4329.234375,0.906250
4330.078125,0.843750
4330.937500,0.859375
4331.828125,0.890625
4332.656250,0.828125
4333.640625,0.984375
4334.578125,0.937500
4335.406250,0.828125
4336.390625,0.984375
4337.359375,0.968750
4338.296875,0.937500
4339.187500,0.890625
4340.203125,1.015625
4341.171875,0.968750
4342.031250,0.859375
4342.921875,0.890625
4343.781250,0.859375
4344.656250,0.875000
4353.109375,0.859375
4353.890625,0.781250
4354.796875,0.906250
4355.578125,0.781250
4356.500000,0.921875
4357.406250,0.906250
4358.250000,0.843750
4363.468750,0.906250
4369.140625,1.000000
4370.125000,0.984375
4385.984375,0.875000
4386.875000,0.890625
4387.859375,0.984375
4388.812500,0.953125
4393.375000,0.906250
4394.328125,0.953125
4395.078125,0.750000
4395.984375,0.906250
4396.906250,0.921875
4397.781250,0.875000
4398.593750,0.812500
4399.546875,0.953125
4400.406250,0.859375
4401.265625,0.859375
4402.203125,0.937500
4403.062500,0.859375
4403.921875,0.859375
4404.750000,0.828125
4405.562500,0.812500
4406.531250,0.968750
4407.359375,0.828125
4408.234375,0.875000
4409.109375,0.875000
4427.859375,0.843750
4428.781250,0.921875
4429.703125,0.921875
4441.281250,0.750000
4442.078125,0.796875
4442.937500,0.859375
4443.734375,0.796875
4467.437500,0.390625
4467.796875,0.359375
4475.421875,0.781250
4476.312500,0.890625
4477.234375,0.921875
4503.109375,0.890625
4503.968750,0.859375
4504.843750,0.875000
4505.750000,0.906250
4506.687500,0.937500
4512.812500,0.859375
4513.687500,0.875000
4514.593750,0.906250
4515.515625,0.921875
4516.421875,0.906250
4517.312500,0.890625
4518.234375,0.921875
4519.078125,0.843750
4520.062500,0.984375
4520.953125,0.890625
4521.921875,0.968750
4522.781250,0.859375
4523.703125,0.921875
4524.656250,0.953125
4525.515625,0.859375
4543.968750,0.859375
4544.796875,0.828125
4545.578125,0.781250
4588.687500,0.906250
4620.750000,0.718750
4666.937500,0.703125
4881.031250,0.937500
4881.921875,0.890625
4887.703125,0.843750
4888.375000,0.671875
4901.703125,0.906250
4902.546875,0.843750
4925.265625,0.968750
4931.140625,0.953125
4932.093750,0.953125
4933.187500,1.093750
4934.140625,0.953125
4965.375000,0.953125
4966.312500,0.937500
4987.671875,1.015625
4988.546875,0.875000
4989.453125,0.906250
4997.453125,0.828125
4998.375000,0.921875
4999.375000,1.000000
5000.234375,0.859375
5001.203125,0.968750
5002.187500,0.984375
5003.031250,0.843750
5003.937500,0.906250
5004.890625,0.953125
5005.750000,0.859375
5006.718750,0.968750
5007.671875,0.953125
5008.578125,0.906250
5048.453125,1.031250
5049.234375,0.781250
5050.187500,0.953125
5051.078125,0.890625
5051.953125,0.875000
5052.765625,0.812500
5061.843750,0.906250
5069.468750,0.796875
5073.312500,0.921875
5074.031250,0.718750
5078.828125,0.921875
5079.750000,0.921875
5080.734375,0.984375
5081.671875,0.937500
5082.703125,1.031250
5083.609375,0.906250
5084.531250,0.921875
5085.468750,0.937500
5086.421875,0.953125
5087.312500,0.890625
5088.265625,0.953125
5089.203125,0.937500
5090.125000,0.921875
5091.078125,0.953125
5092.046875,0.968750
5092.968750,0.921875
5093.859375,0.890625
5094.781250,0.921875
5095.656250,0.875000
5096.546875,0.890625
5097.453125,0.906250
5098.359375,0.906250
5099.234375,0.875000
5100.156250,0.921875
5101.046875,0.890625
5101.921875,0.875000
5110.421875,0.906250
5111.187500,0.765625
5112.250000,1.062500
5113.171875,0.921875
5114.062500,0.890625
5114.984375,0.921875
5115.890625,0.906250
5116.781250,0.890625
5117.687500,0.906250
5118.625000,0.937500
5119.578125,0.953125
5120.515625,0.937500
5121.484375,0.968750
5122.468750,0.984375
5123.390625,0.921875
5124.359375,0.968750
5125.296875,0.937500
5126.203125,0.906250
5127.109375,0.906250
5128.093750,0.984375
5129.015625,0.921875
5129.968750,0.953125
5130.906250,0.937500
5131.796875,0.890625
5132.671875,0.875000
5133.578125,0.906250
5134.484375,0.906250
5135.343750,0.859375
5136.140625,0.796875
5136.890625,0.750000
5141.734375,0.593750
5184.984375,0.671875
5190.250000,0.796875
5191.062500,0.812500
5191.796875,0.734375
5192.609375,0.812500
5193.609375,1.000000
5197.890625,0.750000
5208.781250,0.906250
5209.703125,0.921875
5210.562500,0.859375
5211.484375,0.921875
5212.406250,0.921875
5213.312500,0.906250
5248.156250,0.718750
5249.078125,0.921875
5249.812500,0.734375
5250.750000,0.937500
5266.203125,1.062500
5267.015625,0.812500
5267.968750,0.953125
5268.750000,0.781250
5269.453125,0.703125
5270.281250,0.828125
5286.875000,0.921875
5291.953125,0.937500
5292.703125,0.750000
5293.515625,0.812500
5300.296875,0.953125
5306.953125,0.828125
5307.828125,0.875000
5308.656250,0.828125
5309.500000,0.843750
5338.968750,0.796875
5339.750000,0.781250
5340.609375,0.859375
5341.390625,0.781250
5342.187500,0.796875
5342.937500,0.750000
5343.781250,0.843750
5344.546875,0.765625
5345.484375,0.937500
5346.359375,0.875000
5347.250000,0.890625
5348.109375,0.859375
5348.937500,0.828125
5349.828125,0.890625
5350.718750,0.890625
5351.562500,0.843750
5352.437500,0.875000
5353.343750,0.906250
5354.390625,1.046875
5355.171875,0.781250
5355.984375,0.812500
5356.843750,0.859375
5357.656250,0.812500
5358.437500,0.781250
5359.187500,0.750000
5360.093750,0.906250
5360.859375,0.765625
5361.687500,0.828125
5362.515625,0.828125
5363.406250,0.890625
5364.250000,0.843750
5365.046875,0.796875
5365.890625,0.843750
5366.765625,0.875000
5367.625000,0.859375
5368.375000,0.750000
5369.234375,0.859375
5370.062500,0.828125
5370.937500,0.875000
5371.750000,0.812500
5372.546875,0.796875
5378.937500,0.859375
5379.875000,0.937500
5380.781250,0.906250
5381.609375,0.828125
5382.468750,0.859375
5383.343750,0.875000
5384.203125,0.859375
5385.031250,0.828125
5385.906250,0.875000
5386.875000,0.968750
5387.718750,0.843750
5388.609375,0.890625
5389.562500,0.953125
5390.453125,0.890625
5391.343750,0.890625
5451.218750,0.843750
5452.125000,0.906250
5462.718750,0.796875
5463.453125,0.734375
5464.234375,0.781250
5465.156250,0.921875
5466.000000,0.843750
5466.890625,0.890625
5467.843750,0.953125
5468.765625,0.921875
5469.593750,0.828125
5470.500000,0.906250
5471.359375,0.859375
5472.203125,0.843750
5473.093750,0.890625
5474.125000,1.031250
5475.093750,0.968750
5475.984375,0.890625
5476.921875,0.937500
5477.796875,0.875000
5478.656250,0.859375
5479.453125,0.796875
5480.390625,0.937500
5481.203125,0.812500
5482.109375,0.906250
5497.171875,0.859375
5497.890625,0.718750
5817.718750,0.562500
5818.359375,0.640625
5818.921875,0.562500
5819.421875,0.500000
5854.437500,0.640625
5854.937500,0.500000
5855.500000,0.562500
5856.031250,0.531250
6045.515625,0.359375
6068.828125,0.312500
6069.140625,0.312500
6069.468750,0.328125
6085.437500,0.812500
6154.625000,0.906250
6155.468750,0.843750
6258.359375,0.484375
6258.828125,0.468750
6422.750000,0.656250
6423.437500,0.687500
6448.015625,0.828125
6448.906250,0.890625
6449.765625,0.859375
6450.656250,0.890625
6451.515625,0.859375
6458.812500,0.875000
6459.718750,0.906250
6460.656250,0.937500
6461.546875,0.890625
6462.453125,0.906250
6463.421875,0.968750
6464.281250,0.859375
6465.187500,0.906250
6465.984375,0.796875
6466.796875,0.812500
6467.468750,0.671875
6468.406250,0.937500
6469.312500,0.906250
6470.234375,0.921875
6471.187500,0.953125
6472.109375,0.921875
6473.078125,0.968750
6473.984375,0.906250
6474.890625,0.906250
6475.687500,0.796875
6476.703125,1.015625
6477.671875,0.968750
6478.640625,0.968750
6479.609375,0.968750
6480.562500,0.953125
6481.421875,0.859375
6482.453125,1.031250
6483.375000,0.921875
6484.328125,0.953125
6485.234375,0.906250
6486.234375,1.000000
6487.203125,0.968750
6488.109375,0.906250
6489.062500,0.953125
6490.046875,0.984375
6490.890625,0.843750
6491.828125,0.937500
6492.734375,0.906250
6493.640625,0.906250
6494.593750,0.953125
6495.562500,0.968750
6496.468750,0.906250
6497.453125,0.984375
6519.687500,0.968750
6520.593750,0.906250
6548.734375,0.906250
6549.671875,0.937500
6567.437500,0.875000
6568.500000,1.062500
6569.437500,0.937500
6570.437500,1.000000
6571.453125,1.015625
6572.375000,0.921875
6573.375000,1.000000
6574.296875,0.921875
6575.234375,0.937500
6576.218750,0.984375
6577.031250,0.812500
6577.968750,0.937500
6579.078125,1.109375
6579.953125,0.875000
6580.921875,0.968750
6581.843750,0.921875
6582.656250,0.812500
6597.750000,0.843750
6598.515625,0.765625
6599.468750,0.953125
6600.375000,0.906250
6601.265625,0.890625
6602.125000,0.859375
6603.031250,0.906250
6603.968750,0.937500
6604.859375,0.890625
6605.703125,0.843750
6606.515625,0.812500
6607.187500,0.671875
6610.875000,0.890625
6611.765625,0.890625
6612.640625,0.875000
6631.968750,0.906250
6632.890625,0.921875
6633.750000,0.859375
6634.656250,0.906250
6635.640625,0.984375
6645.562500,0.859375
6646.437500,0.875000
6647.156250,0.718750
6648.125000,0.968750
6648.906250,0.781250
6649.718750,0.812500
6650.500000,0.781250
6651.312500,0.812500
6652.140625,0.828125
6691.906250,1.046875
6697.609375,1.000000
6698.515625,0.906250
6699.484375,0.968750
6700.437500,0.953125
6701.406250,0.968750
6702.390625,0.984375
6703.281250,0.890625
6704.171875,0.890625
6705.140625,0.968750
6706.015625,0.875000
6716.875000,0.921875
6717.890625,1.015625
6722.375000,0.812500
6723.062500,0.687500
6735.046875,1.093750
6739.171875,0.875000
6740.125000,0.953125
6741.093750,0.968750
6741.968750,0.875000
6742.937500,0.968750
6743.812500,0.875000
6744.718750,0.906250
6750.250000,0.921875
6754.890625,0.968750
6755.812500,0.921875
6762.343750,0.890625
6763.234375,0.890625
6764.171875,0.937500
6765.093750,0.921875
6765.953125,0.859375
6766.875000,0.921875
6767.812500,0.937500
6768.703125,0.890625
6769.625000,0.921875
6770.562500,0.937500
6771.421875,0.859375
6772.312500,0.890625
6773.171875,0.859375
6773.953125,0.781250
6774.812500,0.859375
6775.609375,0.796875
6799.234375,0.546875
6806.171875,0.703125
6821.843750,0.953125
6822.703125,0.859375
6823.593750,0.890625
6824.500000,0.906250
6825.453125,0.953125
6832.562500,0.671875
6837.343750,0.906250
6838.234375,0.890625
6839.109375,0.875000
6840.046875,0.937500
6840.875000,0.828125
6841.859375,0.984375
6842.750000,0.890625
6843.687500,0.937500
6844.656250,0.968750
6845.593750,0.937500
6846.468750,0.875000
6847.421875,0.953125
6848.328125,0.906250
6849.156250,0.828125
6850.000000,0.843750
6858.453125,0.781250
6877.171875,0.984375
6878.093750,0.921875
6879.000000,0.906250
6879.984375,0.984375
6880.906250,0.921875
6881.812500,0.906250
6882.781250,0.968750
6883.656250,0.875000
6884.546875,0.890625
6885.531250,0.984375
6886.390625,0.859375
6887.234375,0.843750
6888.078125,0.843750
6895.062500,0.828125
6896.109375,1.046875
6897.093750,0.984375
6898.078125,0.984375
6899.046875,0.968750
6899.921875,0.875000
6900.859375,0.937500
6901.781250,0.921875
6902.671875,0.890625
6903.609375,0.937500
6904.609375,1.000000
6905.578125,0.968750
6906.500000,0.921875
6907.421875,0.921875
6908.437500,1.015625
6909.359375,0.921875
6910.250000,0.890625
6918.062500,1.046875
6918.984375,0.921875
6919.968750,0.984375
6920.890625,0.921875
6921.828125,0.937500
6922.781250,0.953125
6923.750000,0.968750
6924.671875,0.921875
6925.609375,0.937500
6926.687500,1.078125
6932.062500,0.953125
6932.953125,0.890625
7019.203125,0.671875
7044.640625,0.718750
7045.328125,0.687500
7080.015625,0.796875
7084.375000,0.875000
7085.250000,0.875000
7086.296875,1.046875
7121.531250,0.796875
7122.562500,1.031250
7123.437500,0.875000
7124.468750,1.031250
7125.296875,0.828125
7131.953125,0.703125
7151.906250,0.968750
7152.796875,0.890625
7158.500000,0.828125
7179.500000,0.750000
7199.609375,0.812500
7200.406250,0.796875
7201.218750,0.812500
7202.078125,0.859375
7210.859375,0.859375
7211.812500,0.953125
7212.687500,0.875000
7234.406250,0.859375
7235.234375,0.828125
7236.187500,0.953125
7237.156250,0.968750
7237.890625,0.734375
7238.906250,1.015625
7239.781250,0.875000
7240.640625,0.859375
7241.546875,0.906250
7242.421875,0.875000
7243.250000,0.828125
7244.140625,0.890625
7245.046875,0.906250
7245.953125,0.906250
7246.781250,0.828125
7247.687500,0.906250
7248.531250,0.843750
7249.390625,0.859375
7250.281250,0.890625
7251.187500,0.906250
7252.062500,0.875000
7252.906250,0.843750
7253.828125,0.921875
7254.671875,0.843750
7255.562500,0.890625
7256.437500,0.875000
7257.390625,0.953125
7258.296875,0.906250
7259.234375,0.937500
7260.062500,0.828125
7261.078125,1.015625
7262.015625,0.937500
7262.828125,0.812500
7263.593750,0.765625
7264.328125,0.734375
7272.046875,0.718750
7278.031250,0.906250
7278.906250,0.875000
7279.750000,0.843750
7280.500000,0.750000
7281.250000,0.750000
7282.015625,0.765625
7282.687500,0.671875
7283.531250,0.843750
7284.281250,0.750000
7285.062500,0.781250
7285.843750,0.781250
7286.750000,0.906250
7287.546875,0.796875
7288.296875,0.750000
7292.796875,0.859375
7293.750000,0.953125
7294.500000,0.750000
7295.546875,1.046875
7296.468750,0.921875
7297.343750,0.875000
7298.296875,0.953125
7299.265625,0.968750
7300.171875,0.906250
7301.109375,0.937500
7302.046875,0.937500
7302.953125,0.906250
7303.843750,0.890625
7304.781250,0.937500
7305.734375,0.953125
7306.625000,0.890625
7307.593750,0.968750
7308.593750,1.000000
7309.515625,0.921875
7310.468750,0.953125
7311.375000,0.906250
7312.296875,0.921875
7313.171875,0.875000
7314.125000,0.953125
7315.062500,0.937500
7315.937500,0.875000
7316.859375,0.921875
7317.781250,0.921875
7318.625000,0.843750
7319.578125,0.953125
7320.500000,0.921875
7321.375000,0.875000
7322.234375,0.859375
7323.156250,0.921875
7324.062500,0.906250
7324.890625,0.828125
7325.750000,0.859375
7326.687500,0.937500
7327.593750,0.906250
7328.546875,0.953125
7329.468750,0.921875
7330.406250,0.937500
7331.296875,0.890625
7332.218750,0.921875
7333.140625,0.921875
7334.031250,0.890625
7334.937500,0.906250
7335.859375,0.921875
7336.718750,0.859375
7337.734375,1.015625
7338.671875,0.937500
7339.546875,0.875000
7340.421875,0.875000
7341.281250,0.859375
7342.187500,0.906250
7343.031250,0.843750
7352.359375,0.390625
7393.125000,0.906250
7493.781250,0.906250
7494.531250,0.750000
7495.359375,0.828125
7496.203125,0.843750
7497.046875,0.843750
7497.843750,0.796875
7498.687500,0.843750
7499.375000,0.687500
7500.250000,0.875000
7523.875000,0.531250
7524.359375,0.484375
7524.937500,0.578125
7525.421875,0.484375
7525.890625,0.468750
7526.406250,0.515625
7526.828125,0.421875
7535.218750,0.546875
7535.734375,0.515625
7536.328125,0.593750
7539.625000,0.484375
7540.156250,0.531250
7540.593750,0.437500
7543.109375,0.406250
7543.656250,0.546875
7544.171875,0.515625
7544.640625,0.468750
7545.140625,0.500000
7545.609375,0.468750
7546.140625,0.531250
7546.718750,0.578125
7547.203125,0.484375
7556.640625,0.562500
7557.250000,0.609375
7557.718750,0.468750
7558.328125,0.609375
7558.812500,0.484375
7559.406250,0.593750
7563.468750,0.593750
7563.921875,0.453125
7564.390625,0.468750
7564.890625,0.500000
7565.375000,0.484375
7565.921875,0.546875
7566.359375,0.437500
7568.625000,0.468750
7569.234375,0.609375
7569.718750,0.484375
7570.203125,0.484375
7570.718750,0.515625
7573.968750,0.406250
7574.531250,0.562500
7588.406250,0.468750
7591.546875,0.640625
7592.140625,0.593750
7592.640625,0.500000
7605.937500,0.531250
7606.437500,0.500000
7609.843750,0.531250
7612.468750,0.562500
7612.984375,0.515625
7622.703125,0.609375
7623.453125,0.750000
7627.718750,0.546875
7628.281250,0.562500
7628.781250,0.500000
7629.406250,0.625000
7630.109375,0.703125
7630.625000,0.515625
7631.156250,0.531250
7631.734375,0.578125
7632.375000,0.640625
7632.859375,0.484375
7633.375000,0.515625
7633.984375,0.609375
7634.515625,0.531250
7635.093750,0.578125
7646.890625,0.562500
7682.906250,0.546875
7683.359375,0.453125
7683.843750,0.484375
7684.390625,0.546875
7684.906250,0.515625
7690.625000,0.484375
7691.140625,0.515625
7896.437500,0.828125
7897.250000,0.812500
7975.484375,0.546875
8201.375000,0.859375
8202.390625,1.015625
8203.343750,0.953125
8204.250000,0.906250
8205.140625,0.890625
8336.343750,0.625000
8544.468750,0.921875
8545.312500,0.843750
8546.218750,0.906250
8547.093750,0.875000
8547.890625,0.796875
8548.765625,0.875000
8549.593750,0.828125
8564.625000,0.875000
8565.593750,0.968750
8566.437500,0.843750
8567.234375,0.796875
8578.312500,0.921875
8579.250000,0.937500
8640.281250,0.828125
8640.921875,0.640625
8716.843750,0.843750
8717.546875,0.703125
8764.484375,0.734375
8765.468750,0.984375
8870.375000,0.437500
8904.625000,0.484375
9048.625000,0.875000
9049.515625,0.890625
9050.500000,0.984375
9064.062500,0.781250
9096.843750,1.000000
9336.562500,0.484375
9337.031250,0.468750
9337.515625,0.484375
9393.734375,0.484375
9413.703125,0.484375
9414.156250,0.453125
9414.578125,0.421875
9415.062500,0.484375
9523.156250,0.312500
9523.515625,0.359375
9724.718750,0.484375
9725.187500,0.468750
9763.671875,0.468750
9764.234375,0.562500
9764.781250,0.546875
9765.375000,0.593750
9766.062500,0.687500
9929.343750,0.343750
9940.312500,0.484375
9940.906250,0.593750
9941.359375,0.453125
9941.875000,0.515625
9942.437500,0.562500
9944.859375,0.484375
10215.000000,0.828125
10321.562500,0.437500
10669.078125,0.828125
10669.796875,0.718750
10750.281250,0.812500
10751.046875,0.765625
10783.265625,0.421875
10801.328125,0.437500
10801.859375,0.531250
10802.437500,0.578125
10802.890625,0.453125
10803.359375,0.468750
10803.796875,0.437500
10804.328125,0.531250
10804.718750,0.390625
10805.203125,0.484375
10812.109375,0.468750
10816.062500,0.500000
11032.906250,0.828125
11033.765625,0.859375
11034.593750,0.828125
11050.984375,0.953125
11051.734375,0.750000
11052.765625,1.031250
11053.718750,0.953125
11054.671875,0.953125
11055.625000,0.953125
11056.687500,1.062500
11145.640625,0.531250
11159.093750,0.500000
11159.531250,0.437500
11327.812500,0.546875
11345.156250,0.421875
11447.734375,0.781250
11448.562500,0.828125
11449.406250,0.843750
11450.234375,0.828125
11489.921875,0.578125
11490.453125,0.531250
11490.890625,0.437500
11491.468750,0.578125
11559.562500,0.656250
11560.281250,0.718750
11591.937500,0.734375
11592.765625,0.828125
11610.093750,0.625000
11654.375000,0.500000
11654.906250,0.531250
11655.453125,0.546875
11656.000000,0.546875
11656.531250,0.531250
11657.031250,0.500000
11657.531250,0.500000
11658.078125,0.546875
11664.718750,0.468750
11882.671875,0.750000
11883.531250,0.859375
11884.468750,0.937500
11885.390625,0.921875
11886.281250,0.890625
11887.187500,0.906250
11887.906250,0.718750
11933.218750,0.656250
11984.890625,0.703125
11985.828125,0.937500
12082.296875,0.468750
12141.656250,0.890625
12171.234375,0.468750
12171.703125,0.468750
12192.593750,0.468750
12193.078125,0.484375
12193.578125,0.500000
12194.046875,0.468750
12194.546875,0.500000
12194.953125,0.406250
12195.484375,0.531250
12196.015625,0.531250
12196.578125,0.562500
12212.187500,1.000000
12213.187500,1.000000
12214.046875,0.859375
12215.031250,0.984375
12215.937500,0.906250
12216.828125,0.890625
12217.640625,0.812500
12218.500000,0.859375
12219.421875,0.921875
12220.250000,0.828125
12221.093750,0.843750
12221.968750,0.875000
12222.843750,0.875000
12223.531250,0.687500
12224.468750,0.937500
12225.421875,0.953125
12241.500000,0.890625
12249.328125,0.765625
12250.031250,0.703125
12250.890625,0.859375
12251.875000,0.984375
12286.796875,0.906250
12287.765625,0.968750
12293.062500,0.687500
12294.078125,1.015625
12295.109375,1.031250
12296.031250,0.921875
12296.968750,0.937500
12323.187500,0.812500
12327.218750,0.796875
12336.937500,0.890625
12337.890625,0.953125
12338.765625,0.875000
12339.687500,0.921875
12420.375000,0.609375
12421.015625,0.640625
12444.281250,0.968750
12445.218750,0.937500
12446.062500,0.843750
12446.859375,0.796875
12467.593750,0.890625
12468.437500,0.843750
13376.062500,0.468750
13376.468750,0.406250
13376.875000,0.406250
13853.500000,0.421875
13963.812500,0.500000
14181.968750,0.468750
14583.421875,0.562500
14584.109375,0.687500
14584.750000,0.640625
14585.453125,0.703125
14591.546875,0.734375
14592.187500,0.640625
14592.828125,0.640625
14593.515625,0.687500
14594.046875,0.531250
14613.375000,0.843750
14614.187500,0.812500
15354.171875,0.578125
15409.031250,0.515625
15409.625000,0.593750
15410.218750,0.593750
15852.156250,0.468750
16084.140625,0.593750
16365.531250,0.515625
16380.390625,0.937500
16595.421875,0.828125
16628.000000,0.890625
16632.406250,0.390625
16768.578125,0.437500
16904.640625,0.656250
17185.875000,0.343750
17186.312500,0.437500
17186.703125,0.390625
17282.859375,0.796875
17283.531250,0.671875
17284.312500,0.781250
17285.265625,0.953125
17286.046875,0.781250
17342.578125,0.718750
17343.359375,0.781250
17361.718750,0.750000
17362.546875,0.828125
17428.828125,0.359375
17691.312500,0.406250
17749.843750,0.593750
17750.531250,0.687500
17800.125000,0.843750
17817.390625,0.640625
17884.484375,0.781250
17885.453125,0.968750
17901.031250,0.828125
17901.812500,0.781250
17902.562500,0.750000
17909.640625,0.921875
17910.515625,0.875000
17911.578125,1.062500
17953.562500,0.859375
17995.718750,0.718750
18013.906250,0.765625
18014.703125,0.796875
18056.140625,0.796875
18056.765625,0.625000
18061.265625,0.609375
18061.828125,0.562500
18090.921875,0.640625
18091.546875,0.625000
18092.218750,0.671875
18135.781250,0.609375
18136.656250,0.875000
18137.281250,0.625000
18212.078125,0.718750
18248.000000,0.859375
18266.968750,0.875000
18377.937500,0.546875
18386.312500,0.421875
18386.796875,0.484375
18387.218750,0.421875
18387.671875,0.453125
18388.093750,0.421875
18388.531250,0.437500
18717.500000,0.437500
18722.328125,0.609375
18836.828125,0.781250
18837.546875,0.718750
18838.390625,0.843750
18839.125000,0.734375
18839.906250,0.781250
18840.609375,0.703125
18882.656250,0.468750
19020.671875,0.750000
19025.937500,0.718750
19042.765625,1.000000
19085.703125,0.859375
19086.468750,0.765625
19087.343750,0.875000
19088.203125,0.859375
19089.000000,0.796875
19089.828125,0.828125
19090.609375,0.781250
19091.437500,0.828125
19092.187500,0.750000
19092.953125,0.765625
19109.250000,0.796875
19130.765625,0.765625
19131.578125,0.812500
19132.375000,0.796875
19133.265625,0.890625
19134.062500,0.796875
19134.906250,0.843750
19135.671875,0.765625
19136.546875,0.875000
19137.296875,0.750000
19138.109375,0.812500
19138.953125,0.843750
19139.640625,0.687500
19140.484375,0.843750
19141.218750,0.734375
19142.109375,0.890625
19143.015625,0.906250
19143.750000,0.734375
19144.531250,0.781250
19156.687500,0.765625
19228.515625,0.703125
19229.312500,0.796875
19259.171875,0.812500
19339.937500,0.875000
19340.734375,0.796875
19487.031250,0.703125
19618.734375,0.843750
19674.265625,0.734375
19675.015625,0.750000
19675.812500,0.796875
19676.562500,0.750000
19677.359375,0.796875
19678.187500,0.828125
19678.984375,0.796875
19684.640625,0.937500
19685.453125,0.812500
19692.671875,0.859375
19707.640625,0.484375
19708.000000,0.359375
19708.437500,0.437500
19708.812500,0.375000
19709.187500,0.375000
19726.281250,1.031250
19727.109375,0.828125
19731.890625,0.796875
19732.671875,0.781250
19733.515625,0.843750
19734.281250,0.765625
19735.046875,0.765625
19735.828125,0.781250
19736.593750,0.765625
19737.250000,0.656250
19738.109375,0.859375
19738.968750,0.859375
19739.609375,0.640625
19747.687500,0.843750
19748.531250,0.843750
19749.359375,0.828125
19753.390625,0.781250
19754.171875,0.781250
19755.015625,0.843750
19755.750000,0.734375
19793.171875,0.703125
19793.906250,0.734375
19794.625000,0.718750
19795.375000,0.750000
19796.109375,0.734375
19796.906250,0.796875
19797.656250,0.750000
19798.281250,0.625000
19799.156250,0.875000
19799.812500,0.656250
19800.640625,0.828125
19801.359375,0.718750
19802.156250,0.796875
19802.953125,0.796875
19803.750000,0.796875
19804.515625,0.765625
19874.093750,0.671875
19874.671875,0.578125
19875.390625,0.718750
19910.015625,0.875000
19910.843750,0.828125
19911.671875,0.828125
19912.531250,0.859375
19913.421875,0.890625
19914.125000,0.703125
19915.062500,0.937500
19915.937500,0.875000
19916.734375,0.796875
19917.546875,0.812500
19918.390625,0.843750
19919.187500,0.796875
19919.968750,0.781250
20081.062500,0.640625
20113.812500,0.546875
20191.421875,0.515625
20308.687500,0.500000
20309.234375,0.546875
20319.218750,0.531250
20319.656250,0.437500
20320.093750,0.437500
20327.109375,0.578125
20327.796875,0.687500
20328.484375,0.687500
20329.062500,0.578125
20359.468750,0.734375
20360.156250,0.687500
20360.890625,0.734375
20361.718750,0.828125
20367.328125,0.546875
20371.703125,0.625000
20372.203125,0.500000
20382.718750,0.609375
20383.265625,0.546875
20391.406250,0.546875
20391.890625,0.484375
20392.312500,0.421875
20440.531250,0.500000
20484.375000,0.500000
20484.859375,0.484375
20588.984375,0.531250
20778.968750,0.921875
20779.750000,0.781250
20801.234375,0.421875
20860.390625,0.703125
20861.078125,0.687500
20861.796875,0.718750
20862.562500,0.765625
20863.265625,0.703125
20864.031250,0.765625
20864.781250,0.750000
20935.515625,0.734375
20936.250000,0.734375
20937.000000,0.750000
20937.843750,0.843750
20938.562500,0.718750
20939.390625,0.828125
20940.156250,0.765625
20940.968750,0.812500
20941.750000,0.781250
20942.531250,0.781250
20943.296875,0.765625
20967.203125,0.531250
21133.265625,0.875000
21134.125000,0.859375
21134.984375,0.859375
21189.500000,0.859375
21190.500000,1.000000
21191.453125,0.953125
21192.250000,0.796875
21192.921875,0.671875
21197.625000,0.718750
21198.656250,1.031250
21235.500000,0.859375
21236.312500,0.812500
21237.093750,0.781250
21241.796875,0.890625
21242.687500,0.890625
21243.578125,0.890625
21244.390625,0.812500
21245.218750,0.828125
21246.046875,0.828125
21246.859375,0.812500
21247.671875,0.812500
21248.546875,0.875000
21249.406250,0.859375
21250.203125,0.796875
21251.062500,0.859375
21251.718750,0.656250
21255.312500,0.796875
21256.078125,0.765625
21256.875000,0.796875
21257.703125,0.828125
21258.546875,0.843750
21259.359375,0.812500
21260.203125,0.843750
21261.218750,1.015625
21264.828125,0.781250
21265.593750,0.765625
21266.468750,0.875000
21267.421875,0.953125
21268.250000,0.828125
21269.078125,0.828125
21269.937500,0.859375
21270.750000,0.812500
21271.562500,0.812500
21272.390625,0.828125
21273.218750,0.828125
21274.031250,0.812500
21274.859375,0.828125
21275.765625,0.906250
21276.625000,0.859375
21277.437500,0.812500
21278.281250,0.843750
21279.093750,0.812500
21279.937500,0.843750
21280.781250,0.843750
21281.687500,0.906250
21282.546875,0.859375
21283.375000,0.828125
21289.687500,0.625000
21295.796875,0.859375
21296.609375,0.812500
21304.593750,0.812500
21305.390625,0.796875
21306.187500,0.796875
21307.000000,0.812500
21307.812500,0.812500
21308.593750,0.781250
21309.406250,0.812500
21310.187500,0.781250
21311.015625,0.828125
21311.859375,0.843750
21312.750000,0.890625
21313.593750,0.843750
21314.468750,0.875000
21315.406250,0.937500
21316.281250,0.875000
21317.156250,0.875000
21318.062500,0.906250
21318.968750,0.906250
21319.859375,0.890625
21320.687500,0.828125
21321.531250,0.843750
21322.390625,0.859375
21332.296875,0.812500
21441.500000,0.718750
21460.515625,0.734375
21569.687500,0.531250
22397.265625,0.859375
22462.359375,0.843750
22463.265625,0.906250
22464.171875,0.906250
22465.031250,0.859375
22465.906250,0.875000
22466.796875,0.890625
22467.781250,0.984375
22468.609375,0.828125
22571.953125,0.796875
22610.750000,0.468750
22649.781250,0.890625
22656.437500,0.718750
22657.078125,0.640625
22657.750000,0.671875
22658.640625,0.890625
22659.359375,0.718750
22687.000000,0.484375
22687.593750,0.593750
22692.140625,0.875000
22692.984375,0.843750
22693.796875,0.812500
22694.828125,1.031250
22841.187500,0.625000
22841.781250,0.593750
22842.546875,0.765625
22843.296875,0.750000
22882.046875,0.750000
22888.265625,0.750000
22889.109375,0.843750
22889.921875,0.812500
22890.734375,0.812500
22891.546875,0.812500
22892.359375,0.812500
22893.187500,0.828125
22893.984375,0.796875
22894.765625,0.781250
22895.562500,0.796875
22906.906250,0.953125
22907.828125,0.921875
22908.765625,0.937500
22909.625000,0.859375
22910.484375,0.859375
22911.406250,0.921875
22912.328125,0.921875
22913.218750,0.890625
22914.296875,1.078125
22915.203125,0.906250
22922.875000,0.828125
22923.765625,0.890625
22924.671875,0.906250
22925.593750,0.921875
22926.609375,1.015625
22927.546875,0.937500
22928.453125,0.906250
22929.343750,0.890625
22930.203125,0.859375
22931.031250,0.828125
22931.875000,0.843750
22932.703125,0.828125
22933.531250,0.828125
22934.375000,0.843750
22935.203125,0.828125
22936.015625,0.812500
22936.875000,0.859375
22937.703125,0.828125
22938.468750,0.765625
22939.281250,0.812500
22940.062500,0.781250
22940.890625,0.828125
22941.750000,0.859375
22942.562500,0.812500
22943.390625,0.828125
22944.187500,0.796875
22945.046875,0.859375
22945.843750,0.796875
22946.640625,0.796875
22947.406250,0.765625
22948.203125,0.796875
22949.046875,0.843750
22949.843750,0.796875
22950.656250,0.812500
22951.437500,0.781250
22952.296875,0.859375
22953.140625,0.843750
22953.968750,0.828125
22954.812500,0.843750
22955.640625,0.828125
22956.484375,0.843750
22957.343750,0.859375
22958.265625,0.921875
22959.062500,0.796875
22960.109375,1.046875
22966.750000,0.750000
22967.750000,1.000000
22968.640625,0.890625
22969.484375,0.843750
22970.359375,0.875000
22971.234375,0.875000
22972.156250,0.921875
22973.000000,0.843750
22973.921875,0.921875
22974.781250,0.859375
22975.625000,0.843750
23096.156250,1.000000
23193.859375,0.968750
23194.859375,1.000000
23217.625000,0.531250
23222.531250,0.734375
23223.546875,1.015625
23230.281250,0.765625
23231.296875,1.015625
23232.078125,0.781250
23232.890625,0.812500
23233.687500,0.796875
23234.578125,0.890625
23235.390625,0.812500
23258.343750,0.687500
23259.125000,0.781250
23259.921875,0.796875
23260.828125,0.906250
23261.734375,0.906250
23266.703125,0.812500
23272.187500,0.968750
23289.250000,0.843750
23304.062500,0.937500
23305.062500,1.000000
23305.921875,0.859375
23353.156250,0.765625
23354.140625,0.984375
23391.078125,0.625000
23391.656250,0.578125
23397.765625,0.937500
23489.031250,1.031250
23490.031250,1.000000
23490.859375,0.828125
23508.718750,0.890625
23540.390625,0.828125
23549.781250,0.921875
23550.640625,0.859375
23551.593750,0.953125
23552.531250,0.937500
23553.390625,0.859375
23554.265625,0.875000
23555.156250,0.890625
23556.046875,0.890625
23556.953125,0.906250
23557.906250,0.953125
23558.828125,0.921875
23559.750000,0.921875
23560.640625,0.890625
23567.843750,0.968750
23568.796875,0.953125
23569.687500,0.890625
23570.609375,0.921875
23571.562500,0.953125
23572.437500,0.875000
23573.343750,0.906250
23574.296875,0.953125
23575.484375,1.187500
23579.640625,0.953125
23583.046875,0.718750
23583.843750,0.796875
23584.750000,0.906250
23585.625000,0.875000
23586.687500,1.062500
23587.671875,0.984375
23588.640625,0.968750
23589.718750,1.078125
23590.718750,1.000000
23591.687500,0.968750
23592.687500,1.000000
23593.609375,0.921875
23594.500000,0.890625
23595.468750,0.968750
23596.359375,0.890625
23597.281250,0.921875
23598.218750,0.937500
23599.171875,0.953125
23600.140625,0.968750
23601.156250,1.015625
23613.171875,1.046875
23618.671875,0.890625
23619.546875,0.875000
23620.421875,0.875000
23621.390625,0.968750
23622.328125,0.937500
23623.281250,0.953125
23797.015625,0.843750
23797.609375,0.593750
23798.437500,0.828125
23799.171875,0.734375
23825.062500,0.390625
23881.968750,0.609375
23899.125000,0.484375
23924.609375,0.562500
23964.750000,0.796875
23965.531250,0.781250
23966.281250,0.750000
23967.109375,0.828125
23967.750000,0.640625
24234.515625,0.640625
24239.968750,0.843750
24240.812500,0.843750
24241.671875,0.859375
24242.515625,0.843750
24243.328125,0.812500
24249.062500,0.781250
24249.734375,0.671875
24272.218750,0.781250
24273.093750,0.875000
24273.843750,0.750000
24274.796875,0.953125
24275.609375,0.812500
24276.593750,0.984375
24277.453125,0.859375
24278.234375,0.781250
24279.125000,0.890625
24279.968750,0.843750
24280.750000,0.781250
24281.593750,0.843750
24311.562500,0.734375
24442.718750,0.750000
24447.328125,0.750000
24454.953125,0.750000
24464.546875,0.750000
24465.250000,0.703125
24466.109375,0.859375
24466.859375,0.750000
24467.859375,1.000000
24625.671875,0.703125
24626.562500,0.890625
24665.468750,0.593750
25022.046875,0.640625
25022.890625,0.843750
25023.671875,0.781250
25045.328125,0.796875
25046.171875,0.843750
25047.015625,0.843750
25047.890625,0.875000
25048.687500,0.796875
25049.515625,0.828125
25054.109375,0.750000
25055.000000,0.890625
25055.890625,0.890625
25056.796875,0.906250
25057.640625,0.843750
25058.484375,0.843750
25059.343750,0.859375
25093.890625,0.968750
25094.765625,0.875000
25214.843750,0.812500
25224.359375,0.562500
25225.046875,0.687500
25305.062500,0.593750
25305.531250,0.468750
25436.343750,0.765625
25437.171875,0.828125
25437.968750,0.796875
25438.750000,0.781250
25517.390625,0.875000
25527.953125,0.625000
25647.875000,0.328125
25659.609375,0.750000
25660.546875,0.937500
25772.296875,0.843750
25772.984375,0.687500
25946.484375,0.531250
25965.750000,0.515625
25968.406250,0.328125
25989.078125,0.500000
26000.687500,0.531250
26001.218750,0.531250
26003.812500,0.500000
26009.281250,0.546875
26009.937500,0.656250
26010.562500,0.625000
26011.296875,0.734375
26117.093750,0.890625
26118.046875,0.953125
26257.875000,0.812500
26543.484375,0.500000
26581.031250,0.468750
26712.609375,0.796875
26733.343750,0.734375
26734.125000,0.781250
26873.890625,0.765625
26890.265625,0.812500
26895.125000,0.828125
26896.000000,0.875000
26896.890625,0.890625
26897.796875,0.906250
27011.406250,0.515625
27027.437500,0.609375
27030.781250,0.453125
27109.656250,0.515625
27175.093750,0.890625
27180.015625,0.843750
27239.515625,0.593750
27263.468750,0.484375
27266.812500,0.593750
27267.468750,0.656250
27268.171875,0.703125
27271.359375,0.640625
27272.093750,0.734375
27272.921875,0.828125
27383.796875,0.875000
27399.796875,0.562500
27499.734375,0.906250
27500.437500,0.703125
27510.265625,0.843750
27511.156250,0.890625
27512.000000,0.843750
27512.875000,0.875000
27513.718750,0.843750
27514.656250,0.937500
27794.796875,0.843750
27856.031250,0.953125
27856.875000,0.843750
27857.734375,0.859375
27877.421875,0.796875
27906.031250,0.828125
27906.828125,0.796875
27907.656250,0.828125
28131.984375,1.031250
28132.843750,0.859375
28133.656250,0.812500
28134.375000,0.718750
28135.203125,0.828125
28136.031250,0.828125
28136.921875,0.890625
28137.875000,0.953125
28138.593750,0.718750
28159.906250,0.859375
28160.937500,1.031250
28161.796875,0.859375
28162.687500,0.890625
28163.656250,0.968750
28164.562500,0.906250
28165.593750,1.031250
28173.578125,0.937500
28174.578125,1.000000
28179.015625,0.984375
28191.453125,1.015625
28229.125000,0.578125
28255.203125,0.453125
28395.250000,0.703125
28396.234375,0.984375
28412.140625,0.453125
28412.609375,0.468750
28413.156250,0.546875
28413.640625,0.484375
28414.109375,0.468750
28414.546875,0.437500
28415.109375,0.562500
28481.437500,0.812500
28493.687500,1.031250
28494.718750,1.031250
28495.718750,1.000000
28496.718750,1.000000
28502.609375,0.953125
28503.609375,1.000000
28504.484375,0.875000
28505.265625,0.781250
28506.000000,0.734375
28524.218750,1.046875
28525.328125,1.109375
28526.234375,0.906250
28539.687500,0.921875
28540.562500,0.875000
28541.421875,0.859375
28542.343750,0.921875
28543.234375,0.890625
28544.062500,0.828125
28544.953125,0.890625
