datetime,UNIX,EDA,EDA_Raw,EDA_Clean,EDA_Tonic,EDA_Phasic,SCR_Onsets,SCR_Peaks,SCR_Height,SCR_Amplitude,SCR_RiseTime,SCR_Recovery,SCR_RecoveryTime
2023-03-07 07:51:00,1678175512.2413793,0.27184794827586206,0.27184794827586206,0.2720171258793103,0.21539506196551725,0.056622063913793104,0.05172413793103448,0.05172413793103448,0.021849363482758618,0.018941099586206895,0.015086206896551725,0.017241379310344827,0.004310344827586207
2023-03-07 07:52:00,1678175549.5,0.6593736791666667,0.6593736791666667,0.6593179291958333,0.6824692589125,-0.023151329687500003,0.06666666666666667,0.06666666666666667,0.02032468792083333,0.034020820099999995,0.030208333333333334,0.0375,0.005319148936170213
2023-03-07 07:53:00,1678175609.5,1.0946212083333333,1.0946212083333333,1.0947186018375,1.0703197807041667,0.024398821025,0.004166666666666667,0.004166666666666667,0.0012475786291666665,0.000910731325,0.005729166666666666,0.004166666666666667,0.0
2023-03-07 07:54:00,1678175669.5,0.7693988625,0.7693988625,0.7694139229916667,0.7874248150416666,-0.018010892041666667,0.025,0.025,0.00426269305,0.01128306455,0.007291666666666667,0.016666666666666666,0.010983263598326359
2023-03-07 07:55:00,1678175729.5,0.5891515583333333,0.5891515583333333,0.5890590132375,0.574507573125,0.014551440045833334,0.04583333333333333,0.04583333333333333,0.010544360016666667,0.019091412279166668,0.0171875,0.025,0.008368200836820083
2023-03-07 07:56:00,1678175789.5,0.8333089791666667,0.8333089791666667,0.8333029741041666,0.8354282395791667,-0.002125265516666667,0.0,0.0,0.0,0.0,0.0,0.0,0.0
2023-03-07 07:57:00,1678175849.5,0.8783559458333333,0.8783559458333333,0.8783587128125,0.8812932758958334,-0.0029345630541666667,0.004166666666666667,0.004166666666666667,0.0010323598,0.0008518027041666666,0.0020833333333333333,0.004166666666666667,0.021354166666666667
2023-03-07 07:58:00,1678175909.5,0.6471299958333333,0.6471299958333333,0.6471258920916667,0.6457658234708333,0.0013600686458333333,0.0,0.0,0.0,0.0,0.0,0.0,0.0
2023-03-07 07:59:00,1678175969.5,0.5984412958333334,0.5984412958333334,0.5984441545,0.5982058446083334,0.00023830965416666666,0.0,0.0,0.0,0.0,0.0,0.0,0.0
2023-03-07 08:00:00,1678176029.5,0.50510095,0.50510095,0.5050986475,0.5052527240666667,-0.00015407629208333333,0.0,0.0,0.0,0.0,0.0,0.0,0.0
2023-03-07 08:01:00,1678176089.5,0.44588227083333337,0.44588227083333337,0.4458823276833333,0.4463930465875,-0.0005107188916666667,0.0,0.0,0.0,0.0,0.0,0.0,0.0
2023-03-07 08:02:00,1678176149.5,0.4205821041666667,0.4205821041666667,0.42058460576249995,0.4197597816375,0.00082482385,0.0,0.0,0.0,0.0,0.0,0.0,0.0
2023-03-07 08:03:00,1678176209.5,0.35434666666666664,0.35434666666666664,0.3543453811875,0.354356589,-1.1208104166666676e-05,0.0,0.0,0.0,0.0,0.0,0.0,0.0
2023-03-07 08:04:00,1678176269.5,0.2641673958333333,0.2641673958333333,0.2641660664041667,0.26426926692083336,-0.00010320099166666667,0.0,0.0,0.0,0.0,0.0,0.0,0.0
2023-03-07 08:05:00,1678176329.5,0.19433834166666666,0.19433834166666666,0.19434078094166668,0.19432012813333335,2.065294583333333e-05,0.0,0.0,0.0,0.0,0.0,0.0,0.0
2023-03-07 08:06:00,1678176389.5,0.173293975,0.173293975,0.1732916538375,0.1732500554125,4.1598183333333355e-05,0.0,0.0,0.0,0.0,0.0,0.0,0.0
2023-03-07 08:07:00,1678176449.5,0.13843542916666665,0.13843542916666665,0.13843828060416669,0.13864884408333333,-0.00021056346666666666,0.0,0.0,0.0,0.0,0.0,0.0,0.0
2023-03-07 08:08:00,1678176509.5,0.09153023333333334,0.09153023333333334,0.09152882917083334,0.09134748775,0.0001813416875,0.0,0.0,0.0,0.0,0.0,0.0,0.0
2023-03-07 08:09:00,1678176569.5,0.07020294166666667,0.07020294166666667,0.07020354109166667,0.07022238966666668,-1.88486875e-05,0.0,0.0,0.0,0.0,0.0,0.0,0.0
2023-03-07 08:10:00,1678176629.5,0.05410856666666666,0.05410856666666666,0.05410728069166667,0.05438797187916666,-0.0002806910916666667,0.0,0.0,0.0,0.0,0.0,0.0,0.0
2023-03-07 08:11:00,1678176689.5,0.17509671249999997,0.17509671249999997,0.17509710271666667,0.1747742065875,0.0003228957791666666,0.0,0.0,0.0,0.0,0.0,0.0,0.0
2023-03-07 08:12:00,1678176749.5,0.19731262083333334,0.19731262083333334,0.19731361169583334,0.19732999610000002,-1.6384070833333337e-05,0.0,0.0,0.0,0.0,0.0,0.0,0.0
2023-03-07 08:13:00,1678176809.5,0.20243342916666668,0.20243342916666668,0.20243254397500002,0.2024372866,-4.742658333333331e-06,0.0,0.0,0.0,0.0,0.0,0.0,0.0
2023-03-07 08:14:00,1678176869.5,0.19135872083333333,0.19135872083333333,0.19135887760416667,0.19137773426666668,-1.885737916666666e-05,0.0,0.0,0.0,0.0,0.0,0.0,0.0
2023-03-07 08:15:00,1678176929.5,0.1855971,0.1855971,0.18559684477083332,0.18559141791666667,5.426775000000002e-06,0.0,0.0,0.0,0.0,0.0,0.0,0.0
2023-03-07 08:16:00,1678176989.5,0.181074025,0.181074025,0.18107331417916667,0.18106091464583332,1.2399579166666665e-05,0.0,0.0,0.0,0.0,0.0,0.0,0.0
2023-03-07 08:17:00,1678177049.5,0.1768610625,0.1768610625,0.17686096077083333,0.17690794967916668,-4.698941041666667e-05,0.0,0.0,0.0,0.0,0.0,0.0,0.0
2023-03-07 08:18:00,1678177109.5,0.16469688333333332,0.16469688333333332,0.16469681190416668,0.1642657455125,0.0004310658375,0.0,0.0,0.0,0.0,0.0,0.0,0.0
2023-03-07 08:19:00,1678177169.5,0.1837120416666667,0.1837120416666667,0.18371177356666665,0.18409322038333334,-0.00038144645416666664,0.0,0.0,0.0,0.0,0.0,0.0,0.0
2023-03-07 08:20:00,1678177229.5,0.1858107333333333,0.1858107333333333,0.18581183510833332,0.18580076132916667,1.1073487499999996e-05,0.0,0.0,0.0,0.0,0.0,0.0,0.0
2023-03-07 08:21:00,1678177289.5,0.18441146249999998,0.18441146249999998,0.18441180819583333,0.18444079204583333,-2.89840625e-05,0.0,0.0,0.0,0.0,0.0,0.0,0.0
2023-03-07 08:22:00,1678177349.5,0.18190165416666665,0.18190165416666665,0.1819020352125,0.18180223659166667,9.979991250000001e-05,0.0,0.0,0.0,0.0,0.0,0.0,0.0
2023-03-07 08:23:00,1678177409.5,0.18931352916666666,0.18931352916666666,0.1893121226875,0.18939663154583333,-8.450905e-05,0.0,0.0,0.0,0.0,0.0,0.0,0.0
2023-03-07 08:24:00,1678177469.5,0.19421565,0.19421565,0.19421730147916666,0.19422683661666668,-9.535287500000006e-06,0.0,0.0,0.0,0.0,0.0,0.0,0.0
2023-03-07 08:25:00,1678177529.5,0.19615934166666668,0.19615934166666668,0.19615919618750002,0.19617049874583334,-1.1302433333333332e-05,0.0,0.0,0.0,0.0,0.0,0.0,0.0
2023-03-07 08:26:00,1678177589.5,0.19768115833333333,0.19768115833333333,0.19768016277083333,0.1976382142375,4.194779583333333e-05,0.0,0.0,0.0,0.0,0.0,0.0,0.0
2023-03-07 08:27:00,1678177649.5,0.17741630833333336,0.17741630833333336,0.177415160725,0.17729732968749998,0.0001178308250000001,0.0,0.0,0.0,0.0,0.0,0.0,0.0
2023-03-07 08:28:00,1678177709.5,0.1275261875,0.1275261875,0.12752894474166668,0.12799698951666666,-0.0004680446958333333,0.0,0.0,0.0,0.0,0.0,0.0,0.0
2023-03-07 08:29:00,1678177769.5,0.1230727375,0.1230727375,0.12307176214166667,0.12274764877083334,0.0003241129916666667,0.0,0.0,0.0,0.0,0.0,0.0,0.0
2023-03-07 08:30:00,1678177829.5,0.11181621666666668,0.11181621666666668,0.11181694090416668,0.11120446504166666,0.0006124757541666666,0.0,0.0,0.0,0.0,0.0,0.0,0.0
2023-03-07 08:31:00,1678177889.5,0.1134557125,0.1134557125,0.113455206125,0.1140390119125,-0.0005838059000000002,0.0,0.0,0.0,0.0,0.0,0.0,0.0
2023-03-07 08:32:00,1678177949.5,0.11017699583333333,0.11017699583333333,0.11017605952083334,0.11021581394166667,-3.9754675000000006e-05,0.0,0.0,0.0,0.0,0.0,0.0,0.0
2023-03-07 08:33:00,1678178009.5,0.11749792916666667,0.11749792916666667,0.11749748558333332,0.1173785968625,0.00011888940833333335,0.0,0.0,0.0,0.0,0.0,0.0,0.0
2023-03-07 08:34:00,1678178069.5,0.1310078125,0.1310078125,0.13100838148333332,0.13109665272083335,-8.827143333333334e-05,0.0,0.0,0.0,0.0,0.0,0.0,0.0
2023-03-07 08:35:00,1678178129.5,0.13890014583333335,0.13890014583333335,0.13890000772500002,0.1385961458375,0.0003038622958333334,0.0,0.0,0.0,0.0,0.0,0.0,0.0
2023-03-07 08:36:00,1678178189.5,0.1443573625,0.1443573625,0.14435636550416667,0.143054465575,0.0013019000874999998,0.0,0.0,0.0,0.0,0.0,0.0,0.0
2023-03-07 08:37:00,1678178249.5,0.12736060416666667,0.12736060416666667,0.12736076185,0.12905835308333333,-0.0016975910708333334,0.0,0.0,0.0,0.0,0.0,0.0,0.0
2023-03-07 08:38:00,1678178309.5,0.13401409583333335,0.13401409583333335,0.13401364009583333,0.13396838919166668,4.5250524999999985e-05,0.0,0.0,0.0,0.0,0.0,0.0,0.0
2023-03-07 08:39:00,1678178369.5,0.13895337916666667,0.13895337916666667,0.13895489247916668,0.1389313379125,2.355562916666667e-05,0.0,0.0,0.0,0.0,0.0,0.0,0.0
2023-03-07 08:40:00,1678178429.5,0.1395726875,0.1395726875,0.13957321783749999,0.13904263532916666,0.0005305826375,0.0,0.0,0.0,0.0,0.0,0.0,0.0
2023-03-07 08:41:00,1678178489.5,0.1426433,0.1426433,0.14264405806666666,0.14329118919583334,-0.0006471311458333333,0.0,0.0,0.0,0.0,0.0,0.0,0.0
2023-03-07 08:42:00,1678178549.5,0.19494710833333334,0.19494710833333334,0.19494637237916665,0.19478868760416665,0.00015768446666666666,0.0,0.0,0.0,0.0,0.0,0.0,0.0
2023-03-07 08:43:00,1678178609.5,0.18392558333333334,0.18392558333333334,0.18392581089166665,0.18397050939583334,-4.469845e-05,0.0,0.0,0.0,0.0,0.0,0.0,0.0
2023-03-07 08:44:00,1678178669.5,0.17782222916666665,0.17782222916666665,0.17782239930000002,0.17784023548333333,-1.78367875e-05,0.0,0.0,0.0,0.0,0.0,0.0,0.0
2023-03-07 08:45:00,1678178729.5,0.17839888750000002,0.17839888750000002,0.17839736070833334,0.17836535477083335,3.200505833333333e-05,0.0,0.0,0.0,0.0,0.0,0.0,0.0
2023-03-07 08:46:00,1678178789.5,0.1805934416666667,0.1805934416666667,0.18059391299166666,0.18050687064999998,8.704184583333334e-05,0.0,0.0,0.0,0.0,0.0,0.0,0.0
2023-03-07 08:47:00,1678178849.5,0.1857359083333333,0.1857359083333333,0.18573508310416667,0.1858106812708333,-7.559772916666669e-05,0.0,0.0,0.0,0.0,0.0,0.0,0.0
2023-03-07 08:48:00,1678178909.5,0.1904456125,0.1904456125,0.19044650640833333,0.19047089242083332,-2.438665416666667e-05,0.0,0.0,0.0,0.0,0.0,0.0,0.0
2023-03-07 08:49:00,1678178969.5,0.20328240833333336,0.20328240833333336,0.20328264407916666,0.20327565500833333,6.989345833333334e-06,0.0,0.0,0.0,0.0,0.0,0.0,0.0
2023-03-07 08:50:00,1678179029.5,0.20694040833333333,0.20694040833333333,0.2069396664875,0.2069365137625,3.152716666666665e-06,0.0,0.0,0.0,0.0,0.0,0.0,0.0
2023-03-07 08:51:00,1678179089.5,0.21077430416666668,0.21077430416666668,0.21077450460416666,0.21084870094583333,-7.419727500000001e-05,0.0,0.0,0.0,0.0,0.0,0.0,0.0
2023-03-07 08:52:00,1678179149.5,0.15408657916666665,0.15408657916666665,0.15408806607916667,0.15409242239166668,-4.356408333333292e-06,0.0,0.0,0.0,0.0,0.0,0.0,0.0
2023-03-07 08:53:00,1678179209.5,0.12339316666666665,0.12339316666666665,0.12339234476666668,0.12331453591250001,7.78085541666667e-05,0.0,0.0,0.0,0.0,0.0,0.0,0.0
2023-03-07 08:54:00,1678179269.5,0.1505302375,0.1505302375,0.15053058679166667,0.15039204245416665,0.00013854425,0.0,0.0,0.0,0.0,0.0,0.0,0.0
2023-03-07 08:55:00,1678179329.5,0.1572370625,0.1572370625,0.15723751484999998,0.1577170915,-0.00047957622916666666,0.0,0.0,0.0,0.0,0.0,0.0,0.0
2023-03-07 08:56:00,1678179389.5,0.12882919166666668,0.12882919166666668,0.12882757380416668,0.12848690505,0.0003406692083333333,0.0,0.0,0.0,0.0,0.0,0.0,0.0
2023-03-07 08:57:00,1678179449.5,0.15229771666666667,0.15229771666666667,0.15229838424166667,0.15233442557916668,-3.604173333333332e-05,0.0,0.0,0.0,0.0,0.0,0.0,0.0
2023-03-07 08:58:00,1678179509.5,0.1717827,0.1717827,0.17178359073333332,0.17192161972916667,-0.00013802782916666665,0.0,0.0,0.0,0.0,0.0,0.0,0.0
2023-03-07 08:59:00,1678179569.5,0.18610417916666666,0.18610417916666666,0.1861028001875,0.18617342666666667,-7.062650416666664e-05,0.0,0.0,0.0,0.0,0.0,0.0,0.0
2023-03-07 09:00:00,1678179629.5,0.17230079166666668,0.17230079166666668,0.1723004886,0.17190561515833333,0.0003948741416666667,0.0,0.0,0.0,0.0,0.0,0.0,0.0
2023-03-07 09:01:00,1678179689.5,0.16585011249999998,0.16585011249999998,0.16585130196666667,0.16596541647500002,-0.00011411472083333334,0.0,0.0,0.0,0.0,0.0,0.0,0.0
2023-03-07 09:02:00,1678179749.5,0.17388145416666667,0.17388145416666667,0.17388141032916668,0.17374643424166666,0.00013497537083333335,0.0,0.0,0.0,0.0,0.0,0.0,0.0
2023-03-07 09:03:00,1678179809.5,0.17468242083333332,0.17468242083333332,0.17468103094583334,0.175021954,-0.00034092302500000004,0.0,0.0,0.0,0.0,0.0,0.0,0.0
2023-03-07 09:04:00,1678179869.5,0.1063323125,0.1063323125,0.10633303375833333,0.1063895044625,-5.647069999999999e-05,0.0,0.0,0.0,0.0,0.0,0.0,0.0
2023-03-07 09:05:00,1678179929.5,0.027291879166666665,0.027291879166666665,0.0272917680625,0.027067903541666667,0.00022386450416666666,0.0,0.0,0.0,0.0,0.0,0.0,0.0
2023-03-07 09:06:00,1678179989.5,0.026373412500000002,0.026373412500000002,0.026372372229166666,0.02639004545,-1.7672804166666667e-05,0.0,0.0,0.0,0.0,0.0,0.0,0.0
2023-03-07 09:07:00,1678180049.5,0.026416125000000002,0.026416125000000002,0.0264188883,0.026403403995833335,1.5483745833333326e-05,0.0,0.0,0.0,0.0,0.0,0.0,0.0
2023-03-07 09:08:00,1678180109.5,0.026384062500000003,0.026384062500000003,0.02638339216666667,0.0264045284625,-2.11361875e-05,0.0,0.0,0.0,0.0,0.0,0.0,0.0
2023-03-07 09:09:00,1678180169.5,0.0263894375,0.0263894375,0.026388586045833332,0.026370314729166667,1.8272175000000003e-05,0.0,0.0,0.0,0.0,0.0,0.0,0.0
2023-03-07 09:10:00,1678180229.5,0.03571820833333333,0.03571820833333333,0.035717922725,0.0358050100125,-8.7087625e-05,0.004166666666666667,0.004166666666666667,0.000719413325,0.000834308125,0.0015625,0.004166666666666667,0.0
2023-03-07 09:11:00,1678180289.5,0.031206270833333334,0.031206270833333334,0.0312069819375,0.03112845534583333,7.852602916666667e-05,0.0,0.0,0.0,0.0,0.0,0.0,0.0
2023-03-07 09:12:00,1678180349.5,0.03162273333333333,0.03162273333333333,0.031623402245833335,0.03159512190416667,2.8280229166666665e-05,0.0,0.0,0.0,0.0,0.0,0.0,0.0
2023-03-07 09:13:00,1678180409.5,0.0315424375,0.0315424375,0.031542390375,0.03157835963333334,-3.5969350000000005e-05,0.0,0.0,0.0,0.0,0.0,0.0,0.0
2023-03-07 09:14:00,1678180469.5,0.062225133333333335,0.062225133333333335,0.062222484495833334,0.06167162710833333,0.0005508574500000001,0.0,0.0,0.0,0.0,0.0,0.0,0.0
2023-03-07 09:15:00,1678180529.5,0.13169131666666667,0.13169131666666667,0.13169151540833332,0.13258340186666667,-0.0008918865874999999,0.0,0.0,0.0,0.0,0.0,0.0,0.0
2023-03-07 09:16:00,1678180589.5,0.0389168,0.0389168,0.03891774937916667,0.038408099204166664,0.0005096498583333334,0.0,0.0,0.0,0.0,0.0,0.0,0.0
2023-03-07 09:17:00,1678180649.5,0.09492106666666666,0.09492106666666666,0.09492114972916667,0.09488056139166666,4.058807916666666e-05,0.0,0.0,0.0,0.0,0.0,0.0,0.0
2023-03-07 09:18:00,1678180709.5,0.165113425,0.165113425,0.16511443071249998,0.16730800157083334,-0.0021935705791666666,0.0,0.0,0.0,0.0,0.0,0.0,0.0
2023-03-07 09:19:00,1678180769.5,0.20350686666666667,0.20350686666666667,0.20350797329999998,0.20044843195,0.0030595413916666664,0.0,0.0,0.0,0.0,0.0,0.0,0.0
2023-03-07 09:20:00,1678180829.5,0.21872003333333334,0.21872003333333334,0.21871836741666667,0.21982499727916668,-0.0011066298791666668,0.0,0.0,0.0,0.0,0.0,0.0,0.0
2023-03-07 09:21:00,1678180889.5,0.20168598333333335,0.20168598333333335,0.20168953295,0.20155057506666668,0.00013895824583333335,0.0,0.0,0.0,0.0,0.0,0.0,0.0
2023-03-07 09:22:00,1678180949.5,0.20617674583333334,0.20617674583333334,0.20617273657916665,0.20638304865833332,-0.0002103122583333333,0.0,0.0,0.0,0.0,0.0,0.0,0.0
2023-03-07 09:23:00,1678181009.5,0.19904799166666667,0.19904799166666667,0.19904632335,0.19854263872083333,0.000503683975,0.0,0.0,0.0,0.0,0.0,0.0,0.0
2023-03-07 09:24:00,1678181069.5,0.18180565416666666,0.18180565416666666,0.18181269617916668,0.18018864002083335,0.0016240561625000002,0.0,0.0,0.0,0.0,0.0,0.0,0.0
2023-03-07 09:25:00,1678181129.5,0.1026318125,0.1026318125,0.10262698490833334,0.10495987546666667,-0.0023328903916666668,0.0,0.0,0.0,0.0,0.0,0.0,0.0
2023-03-07 09:26:00,1678181189.5,0.21186367916666665,0.21186367916666665,0.21186302859583334,0.21162078072916665,0.00024224788750000002,0.0,0.0,0.0,0.0,0.0,0.0,0.0
2023-03-07 09:27:00,1678181249.5,0.23676872916666666,0.23676872916666666,0.23676837035,0.23672790441666666,4.0466162499999996e-05,0.0,0.0,0.0,0.0,0.0,0.0,0.0
2023-03-07 09:28:00,1678181309.5,0.19412999583333335,0.19412999583333335,0.19417040227083332,0.1931210928083333,0.0010493094791666666,0.008333333333333333,0.008333333333333333,0.0015102276583333332,0.00241140635,0.0036458333333333334,0.004166666666666667,0.0
2023-03-07 09:29:00,1678181369.5,0.1258296375,0.1258296375,0.12580888940416665,0.12605508615833333,-0.00024619650833333274,0.0125,0.0125,0.005003357283333333,0.0024886644499999997,0.004166666666666667,0.016666666666666666,0.010983263598326359
2023-03-07 09:30:00,1678181429.5,0.06218250833333334,0.06218250833333334,0.062162981124999996,0.064243369075,-0.0020803879708333334,0.008333333333333333,0.008333333333333333,0.002575383241666667,0.002850070945833333,0.0036458333333333334,0.008333333333333333,0.0
2023-03-07 09:31:00,1678181489.5,0.053355708333333335,0.053355708333333335,0.0533741190375,0.05193406529583333,0.0014400537166666665,0.0,0.0,0.0,0.0,0.0,0.0,0.0
2023-03-07 09:32:00,1678181549.5,0.035873095833333334,0.035873095833333334,0.03586635002083333,0.0365446548125,-0.0006783047375,0.0,0.0,0.0,0.0,0.0,0.0,0.0
2023-03-07 09:33:00,1678181609.5,0.0332245625,0.0332245625,0.03321181494166667,0.0326335112125,0.0005783039541666667,0.0,0.0,0.0,0.0,0.0,0.0,0.0
2023-03-07 09:34:00,1678181669.5,0.0618781375,0.0618781375,0.06188309645,0.06116599251666666,0.0007171039208333334,0.0,0.0,0.0,0.0,0.0,0.0,0.0
2023-03-07 09:35:00,1678181729.5,0.07171942083333334,0.07171942083333334,0.071717154975,0.07235836117083334,-0.0006412063624999999,0.0,0.0,0.0,0.0,0.0,0.0,0.0
2023-03-07 09:36:00,1678181789.5,0.08528800416666667,0.08528800416666667,0.085287372675,0.08578626053333333,-0.0004988878333333333,0.0,0.0,0.0,0.0,0.0,0.0,0.0
2023-03-07 09:37:00,1678181849.5,0.07064619583333333,0.07064619583333333,0.070646662175,0.06926771499166667,0.0013789474708333332,0.0,0.0,0.0,0.0,0.0,0.0,0.0
2023-03-07 09:38:00,1678181909.5,0.05227175416666666,0.05227175416666666,0.05228409272916667,0.05316412557083334,-0.0008800325166666667,0.0,0.0,0.0,0.0,0.0,0.0,0.0
2023-03-07 09:39:00,1678181969.5,0.03947219166666667,0.03947219166666667,0.03946447893333334,0.03947669953333333,-1.2220354166666709e-05,0.0,0.0,0.0,0.0,0.0,0.0,0.0
2023-03-07 09:40:00,1678182029.5,0.05672519166666667,0.05672519166666667,0.056721879558333334,0.056662837054166665,5.904234583333323e-05,0.0,0.0,0.0,0.0,0.0,0.0,0.0
2023-03-07 09:41:00,1678182089.5,0.020910745833333334,0.020910745833333334,0.0209084900625,0.021034926533333335,-0.00012643667083333336,0.0,0.0,0.0,0.0,0.0,0.0,0.0
2023-03-07 09:42:00,1678182149.5,0.021722462499999998,0.021722462499999998,0.02172124095,0.021772652491666666,-5.1411499999999994e-05,0.0,0.0,0.0,0.0,0.0,0.0,0.0
2023-03-07 09:43:00,1678182209.5,0.04361585,0.04361585,0.04361741842083333,0.043789402195833334,-0.00017198370833333332,0.0,0.0,0.0,0.0,0.0,0.0,0.0
2023-03-07 09:44:00,1678182269.5,0.0444702125,0.0444702125,0.04446902312083333,0.044376494170833336,9.252907500000005e-05,0.0,0.0,0.0,0.0,0.0,0.0,0.0
2023-03-07 09:45:00,1678182329.5,0.06977039166666667,0.06977039166666667,0.06977252085833333,0.06955704730833333,0.00021547345416666667,0.0,0.0,0.0,0.0,0.0,0.0,0.0
2023-03-07 09:46:00,1678182389.5,0.04342365833333333,0.04342365833333333,0.0434218596875,0.04325032740833333,0.00017153230416666666,0.0,0.0,0.0,0.0,0.0,0.0,0.0
2023-03-07 09:47:00,1678182449.5,0.03520030416666667,0.03520030416666667,0.03520008495,0.035344766300000004,-0.00014468122083333322,0.0,0.0,0.0,0.0,0.0,0.0,0.0
2023-03-07 09:48:00,1678182509.5,0.03410029583333333,0.03410029583333333,0.03410078107916667,0.03428615355,-0.00018537249583333335,0.0,0.0,0.0,0.0,0.0,0.0,0.0
2023-03-07 09:49:00,1678182569.5,0.06689761666666666,0.06689761666666666,0.06690540290416666,0.06699478756666667,-8.938496250000007e-05,0.0,0.0,0.0,0.0,0.0,0.0,0.0
2023-03-07 09:50:00,1678182629.5,0.0664704375,0.0664704375,0.0664650976,0.065314282525,0.0011508150624999999,0.004166666666666667,0.004166666666666667,0.00105715495,0.0012129735333333334,0.0046875,0.0,0.0
2023-03-07 09:51:00,1678182689.5,0.06750631666666668,0.06750631666666668,0.06750459924583334,0.06845326472083334,-0.0009486655083333333,0.0,0.0,0.0,0.0,0.0,0.0,0.0
2023-03-07 09:52:00,1678182749.5,0.08471133333333333,0.08471133333333333,0.08471066952499999,0.08481808036666667,-0.00010741116666666667,0.0,0.0,0.0,0.0,0.0,0.0,0.0
2023-03-07 09:53:00,1678182809.5,0.08708757083333334,0.08708757083333334,0.08708761767916666,0.087019438,6.817945416666668e-05,0.0,0.0,0.0,0.0,0.0,0.0,0.0
2023-03-07 09:54:00,1678182869.5,0.0518178625,0.0518178625,0.05182045825416667,0.052111919120833336,-0.0002914607083333333,0.0,0.0,0.0,0.0,0.0,0.0,0.0
2023-03-07 09:55:00,1678182929.5,0.028189054166666668,0.028189054166666668,0.028186032270833335,0.027978600537500002,0.0002074317958333333,0.0,0.0,0.0,0.0,0.0,0.0,0.0
2023-03-07 09:56:00,1678182989.5,0.03756047083333334,0.03756047083333334,0.037555585775,0.037107362974999995,0.0004482230416666667,0.0,0.0,0.0,0.0,0.0,0.0,0.0
2023-03-07 09:57:00,1678183049.5,0.047871725000000004,0.047871725000000004,0.04788387892083333,0.05047783041666667,-0.0025939513875000006,0.0,0.0,0.0,0.0,0.0,0.0,0.0
2023-03-07 09:58:00,1678183109.5,0.0440963875,0.0440963875,0.044089241358333336,0.0419543462125,0.0021348954916666665,0.0,0.0,0.0,0.0,0.0,0.0,0.0
2023-03-07 09:59:00,1678183169.5,0.019719841666666668,0.019719841666666668,0.01972024430416667,0.019629289920833334,9.095425833333333e-05,0.0,0.0,0.0,0.0,0.0,0.0,0.0
2023-03-07 10:00:00,1678183229.5,0.0224914,0.0224914,0.02249173105,0.022334452633333335,0.00015727947916666665,0.0,0.0,0.0,0.0,0.0,0.0,0.0
2023-03-07 10:01:00,1678183289.5,0.03595855416666667,0.03595855416666667,0.035960187841666665,0.036240013083333335,-0.0002798249375000002,0.0,0.0,0.0,0.0,0.0,0.0,0.0
2023-03-07 10:02:00,1678183349.5,0.07494472499999999,0.07494472499999999,0.07494399905833334,0.07509940935833333,-0.00015541022916666663,0.0,0.0,0.0,0.0,0.0,0.0,0.0
2023-03-07 10:03:00,1678183409.5,0.08436959583333332,0.08436959583333332,0.08436716337916667,0.082354704875,0.0020124586,0.0,0.0,0.0,0.0,0.0,0.0,0.0
2023-03-07 10:04:00,1678183469.5,0.06898016666666668,0.06898016666666668,0.06898352535416666,0.07098432472083333,-0.0020007993416666665,0.0,0.0,0.0,0.0,0.0,0.004166666666666667,0.0020833333333333333
2023-03-07 10:05:00,1678183529.5,0.02767642916666667,0.02767642916666667,0.027676795745833333,0.02826559378333333,-0.0005887978249999999,0.0,0.0,0.0,0.0,0.0,0.0,0.0
2023-03-07 10:06:00,1678183589.5,0.0915410375,0.0915410375,0.09153973257916667,0.09062067405833334,0.0009190581583333334,0.0,0.0,0.0,0.0,0.0,0.0,0.0
2023-03-07 10:07:00,1678183649.5,0.11355716666666667,0.11355716666666667,0.11355507379583334,0.11385940072083334,-0.00030432656666666666,0.0,0.0,0.0,0.0,0.0,0.0,0.0
2023-03-07 10:08:00,1678183709.5,0.15095210416666666,0.15095210416666666,0.15095411513333332,0.150680092275,0.0002740233416666666,0.0,0.0,0.0,0.0,0.0,0.0,0.0
2023-03-07 10:09:00,1678183769.5,0.1690702,0.1690702,0.16906851458333333,0.16927471423749998,-0.00020619905833333332,0.0,0.0,0.0,0.0,0.0,0.0,0.0
2023-03-07 10:10:00,1678183829.5,0.14053407916666666,0.14053407916666666,0.14053462207083334,0.1404451494,8.947294583333334e-05,0.0,0.0,0.0,0.0,0.0,0.0,0.0
2023-03-07 10:11:00,1678183889.5,0.1282203375,0.1282203375,0.12821633867083335,0.12812881135416668,8.752758749999997e-05,0.0,0.0,0.0,0.0,0.0,0.0,0.0
2023-03-07 10:12:00,1678183949.5,0.0967954,0.0967954,0.09679916758333333,0.097279352025,-0.00048018474166666665,0.0,0.0,0.0,0.0,0.0,0.0,0.0
2023-03-07 10:13:00,1678184009.5,0.05641009583333333,0.05641009583333333,0.05641034145833333,0.056752848212500005,-0.0003425067708333333,0.0,0.0,0.0,0.0,0.0,0.0,0.0
2023-03-07 10:14:00,1678184069.5,0.10047988333333334,0.10047988333333334,0.10048179426250001,0.09968974240833334,0.0007920513541666667,0.0,0.0,0.0,0.0,0.0,0.0,0.0
2023-03-07 10:15:00,1678184129.5,0.11962846249999999,0.11962846249999999,0.11962695919166667,0.11962857093333333,-1.611062500000001e-06,0.0,0.0,0.0,0.0,0.0,0.0,0.0
2023-03-07 10:16:00,1678184189.5,0.119025075,0.119025075,0.11901664063333332,0.11566324827083332,0.003353392104166667,0.0,0.0,0.0,0.0,0.0,0.0,0.0
2023-03-07 10:17:00,1678184249.5,0.049965012499999996,0.049965012499999996,0.04997175222083334,0.05455027737083333,-0.00457852515,0.0,0.0,0.0,0.0,0.0,0.0,0.0
2023-03-07 10:18:00,1678184309.5,0.030191620833333332,0.030191620833333332,0.030192947512500002,0.029046773058333333,0.0011461745,0.0,0.0,0.0,0.0,0.0,0.0,0.0
2023-03-07 10:19:00,1678184369.5,0.021695941666666666,0.021695941666666666,0.021695997787499997,0.022133625175,-0.0004376274416666666,0.0,0.0,0.0,0.0,0.0,0.0,0.0
2023-03-07 10:20:00,1678184429.5,0.06751705416666667,0.06751705416666667,0.06751728710833334,0.06700359495833334,0.0005136918708333333,0.0,0.0,0.0,0.0,0.0,0.0,0.0
2023-03-07 10:21:00,1678184489.5,0.07990017083333334,0.07990017083333334,0.079900334475,0.07988908832500001,1.1246329166666667e-05,0.0,0.0,0.0,0.0,0.0,0.0,0.0
2023-03-07 10:22:00,1678184549.5,0.0915784625,0.0915784625,0.09157867372083334,0.09165777244166667,-7.909825833333333e-05,0.0,0.0,0.0,0.0,0.0,0.0,0.0
2023-03-07 10:23:00,1678184609.5,0.08756287083333333,0.08756287083333333,0.08756229139166667,0.08751646531666667,4.5825900000000045e-05,0.0,0.0,0.0,0.0,0.0,0.0,0.0
2023-03-07 10:24:00,1678184669.5,0.0968006625,0.0968006625,0.09679792190833333,0.09516330200833334,0.0016346197291666668,0.0,0.0,0.0,0.0,0.0,0.0,0.0
2023-03-07 10:25:00,1678184729.5,0.05261885833333334,0.05261885833333334,0.05262113574583334,0.054015081325,-0.0013939455791666666,0.0,0.0,0.0,0.0,0.0,0.0,0.0
2023-03-07 10:26:00,1678184789.5,0.0659257625,0.0659257625,0.06592701899583334,0.06649743434583334,-0.0005704153083333334,0.0,0.0,0.0,0.0,0.0,0.0,0.0
2023-03-07 10:27:00,1678184849.5,0.05605773333333333,0.05605773333333333,0.05605792715,0.055393094375,0.0006648328541666666,0.0,0.0,0.0,0.0,0.0,0.0,0.0
2023-03-07 10:28:00,1678184909.5,0.029064808333333334,0.029064808333333334,0.02906590462916667,0.029814065283333333,-0.0007481607041666667,0.0,0.0,0.0,0.0,0.0,0.0,0.0
2023-03-07 10:29:00,1678184969.5,0.05133197083333333,0.05133197083333333,0.05133020641666666,0.050897041441666666,0.00043316489583333334,0.0,0.0,0.0,0.0,0.0,0.0,0.0
2023-03-07 10:30:00,1678185029.5,0.07990006666666667,0.07990006666666667,0.07989864810833333,0.07979555124166667,0.00010309711666666668,0.0,0.0,0.0,0.0,0.0,0.0,0.0
2023-03-07 10:31:00,1678185089.5,0.10496004583333333,0.10496004583333333,0.10495946303749999,0.105049029575,-8.956616666666668e-05,0.0,0.0,0.0,0.0,0.0,0.0,0.0
2023-03-07 10:32:00,1678185149.5,0.08173700833333333,0.08173700833333333,0.081738573325,0.08195561229583334,-0.0002170389041666666,0.0,0.0,0.0,0.0,0.0,0.0,0.0
2023-03-07 10:33:00,1678185209.5,0.045399404166666664,0.045399404166666664,0.045400026158333336,0.045463186291666666,-6.316009583333336e-05,0.0,0.0,0.0,0.0,0.0,0.0,0.0
2023-03-07 10:34:00,1678185269.5,0.03679167083333333,0.03679167083333333,0.036789910450000005,0.03638220597083333,0.0004077045833333333,0.0,0.0,0.0,0.0,0.0,0.0,0.0
2023-03-07 10:35:00,1678185329.5,0.041277004166666666,0.041277004166666666,0.04127860913333334,0.041383550783333334,-0.00010494180416666673,0.0,0.0,0.0,0.0,0.0,0.0,0.0
2023-03-07 10:36:00,1678185389.5,0.08435895833333333,0.08435895833333333,0.08435944868333332,0.0838750942375,0.00048435450416666663,0.0,0.0,0.0,0.0,0.0,0.0,0.0
2023-03-07 10:37:00,1678185449.5,0.04401110416666667,0.04401110416666667,0.044010891125,0.044465346687500004,-0.00045445546249999987,0.0,0.0,0.0,0.0,0.0,0.0,0.0
2023-03-07 10:38:00,1678185509.5,0.05320084166666667,0.05320084166666667,0.053200389891666665,0.052522514479166664,0.0006778750916666668,0.0,0.0,0.0,0.0,0.0,0.0,0.0
2023-03-07 10:39:00,1678185569.5,0.07099330000000001,0.07099330000000001,0.07099251323333333,0.07150426880833334,-0.0005117554416666667,0.0,0.0,0.0,0.0,0.0,0.0,0.0
2023-03-07 10:40:00,1678185629.5,0.056095137499999996,0.056095137499999996,0.05609669149166666,0.05636822740833333,-0.0002715358541666667,0.0,0.0,0.0,0.0,0.0,0.0,0.0
2023-03-07 10:41:00,1678185689.5,0.04402700833333333,0.04402700833333333,0.0440256703375,0.043936096687499995,8.957367083333332e-05,0.0,0.0,0.0,0.0,0.0,0.0,0.0
2023-03-07 10:42:00,1678185749.5,0.07022966666666666,0.07022966666666666,0.07023270816666667,0.07228845124166666,-0.0020557432666666667,0.0,0.0,0.0,0.0,0.0,0.0,0.0
2023-03-07 10:43:00,1678185809.5,0.11753526249999999,0.11753526249999999,0.11753268441666667,0.11626986867500001,0.0012628159625,0.0,0.0,0.0,0.0,0.0,0.0,0.0
2023-03-07 10:44:00,1678185869.5,0.05895724583333333,0.05895724583333333,0.0589575024,0.05747758157916667,0.0014799208583333335,0.0,0.0,0.0,0.0,0.0,0.0,0.0
2023-03-07 10:45:00,1678185929.5,0.035728875,0.035728875,0.0357274965375,0.036339018304166665,-0.0006115210875,0.0,0.0,0.0,0.0,0.0,0.0,0.0
2023-03-07 10:46:00,1678185989.5,0.06727129583333333,0.06727129583333333,0.06727200235416667,0.0672137005,5.830165416666664e-05,0.0,0.0,0.0,0.0,0.0,0.0,0.0
2023-03-07 10:47:00,1678186049.5,0.07920056666666667,0.07920056666666667,0.07920205102916666,0.07913196251666667,7.008855416666663e-05,0.0,0.0,0.0,0.0,0.0,0.0,0.0
2023-03-07 10:48:00,1678186109.5,0.06757033750000001,0.06757033750000001,0.06756784789166666,0.06775173587916666,-0.00018388806666666668,0.0,0.0,0.0,0.0,0.0,0.0,0.0
2023-03-07 10:49:00,1678186169.5,0.0798734125,0.0798734125,0.07987668220833334,0.08163580955000001,-0.0017591273875,0.0,0.0,0.0,0.0,0.0,0.0,0.0
2023-03-07 10:50:00,1678186229.5,0.0622519875,0.0622519875,0.062252580879166665,0.059419877191666665,0.0028327038,0.0,0.0,0.0,0.0,0.0,0.0,0.0
2023-03-07 10:51:00,1678186289.5,0.03555284583333333,0.03555284583333333,0.035549896487499996,0.037211109925,-0.0016612135666666666,0.0,0.0,0.0,0.0,0.0,0.0,0.0
2023-03-07 10:52:00,1678186349.5,0.062454833333333334,0.062454833333333334,0.06245528387083333,0.0619955522,0.0004597313375,0.0,0.0,0.0,0.0,0.0,0.0,0.0
2023-03-07 10:53:00,1678186409.5,0.057899912500000005,0.057899912500000005,0.05790066967083333,0.057808126875000004,9.25427625e-05,0.0,0.0,0.0,0.0,0.0,0.0,0.0
2023-03-07 10:54:00,1678186469.5,0.069903975,0.069903975,0.06990288864166666,0.06918769016666666,0.0007151983291666667,0.0,0.0,0.0,0.0,0.0,0.0,0.0
2023-03-07 10:55:00,1678186529.5,0.10739499166666668,0.10739499166666668,0.1073953156625,0.10815568702916667,-0.0007603714750000001,0.0,0.0,0.0,0.0,0.0,0.0,0.0
2023-03-07 10:56:00,1678186589.5,0.14780687083333335,0.14780687083333335,0.14780659780833333,0.1476367144,0.0001698833,0.0,0.0,0.0,0.0,0.0,0.0,0.0
2023-03-07 10:57:00,1678186649.5,0.157525375,0.157525375,0.15752609156666667,0.15793864378333333,-0.00041255165833333336,0.0,0.0,0.0,0.0,0.0,0.0,0.0
2023-03-07 10:58:00,1678186709.5,0.15179583333333332,0.15179583333333332,0.15179667873333333,0.15157449897083333,0.00022218019166666669,0.0,0.0,0.0,0.0,0.0,0.0,0.0
2023-03-07 10:59:00,1678186769.5,0.16304678749999998,0.16304678749999998,0.16304436675416667,0.1629171210041667,0.0001272453125,0.0,0.0,0.0,0.0,0.0,0.0,0.0
2023-03-07 11:00:00,1678186829.5,0.1651400375,0.1651400375,0.1651419239375,0.16519043905833333,-4.851479583333333e-05,0.0,0.0,0.0,0.0,0.0,0.0,0.0
2023-03-07 11:01:00,1678186889.5,0.16042485416666666,0.16042485416666666,0.16042493004583333,0.16045856670833333,-3.363603750000001e-05,0.0,0.0,0.0,0.0,0.0,0.0,0.0
2023-03-07 11:02:00,1678186949.5,0.12107024166666666,0.12107024166666666,0.12107041191666666,0.12105833625416666,1.2075875000000062e-05,0.0,0.0,0.0,0.0,0.0,0.0,0.0
2023-03-07 11:03:00,1678187009.5,0.12416745416666666,0.12416745416666666,0.12416489393749999,0.12399907124166668,0.00016582291666666666,0.0,0.0,0.0,0.0,0.0,0.0,0.0
2023-03-07 11:04:00,1678187069.5,0.13258305833333334,0.13258305833333334,0.132584935825,0.1327458672125,-0.00016093050833333335,0.0,0.0,0.0,0.0,0.0,0.0,0.0
2023-03-07 11:05:00,1678187129.5,0.13683885833333334,0.13683885833333334,0.13683957024166665,0.13685755432916666,-1.798310416666666e-05,0.0,0.0,0.0,0.0,0.0,0.0,0.0
2023-03-07 11:06:00,1678187189.5,0.14055525416666667,0.14055525416666667,0.1405549514541667,0.1405638673,-8.915337499999993e-06,0.0,0.0,0.0,0.0,0.0,0.0,0.0
2023-03-07 11:07:00,1678187249.5,0.13509807083333333,0.13509807083333333,0.13509850856666666,0.13348970509583333,0.0016088035541666666,0.0,0.0,0.0,0.0,0.0,0.0,0.0
2023-03-07 11:08:00,1678187309.5,0.09489445833333333,0.09489445833333333,0.09489410487500001,0.09641123361250001,-0.0015171289875000001,0.0,0.0,0.0,0.0,0.0,0.0,0.0
2023-03-07 11:09:00,1678187369.5,0.14532920416666664,0.14532920416666664,0.1453286477,0.145648060825,-0.0003194133208333333,0.0,0.0,0.0,0.0,0.0,0.0,0.0
2023-03-07 11:10:00,1678187429.5,0.09803422083333334,0.09803422083333334,0.09803295547499999,0.09829176737916666,-0.0002588119500000001,0.0,0.0,0.0,0.0,0.0,0.0,0.0
2023-03-07 11:11:00,1678187489.5,0.0431513625,0.0431513625,0.0431517816625,0.042712743179166665,0.00043903860416666667,0.0,0.0,0.0,0.0,0.0,0.0,0.0
2023-03-07 11:12:00,1678187549.5,0.027051716666666666,0.027051716666666666,0.0270522285125,0.027011418575,4.080988333333333e-05,0.0,0.0,0.0,0.0,0.0,0.0,0.0
2023-03-07 11:13:00,1678187609.5,0.054391679166666665,0.054391679166666665,0.05439125695416667,0.05432911025,6.214658749999997e-05,0.0,0.0,0.0,0.0,0.0,0.0,0.0
2023-03-07 11:14:00,1678187669.5,0.03243419166666667,0.03243419166666667,0.032435019437500004,0.03245801049166667,-2.2991012500000005e-05,0.0,0.0,0.0,0.0,0.0,0.0,0.0
2023-03-07 11:15:00,1678187729.5,0.04364790416666667,0.04364790416666667,0.04364734029583333,0.04372870661666666,-8.136635000000002e-05,0.0,0.0,0.0,0.0,0.0,0.0,0.0
2023-03-07 11:16:00,1678187789.5,0.04823492083333333,0.04823492083333333,0.048234932654166666,0.047945072720833336,0.00028986022083333336,0.0,0.0,0.0,0.0,0.0,0.0,0.0
2023-03-07 11:17:00,1678187849.5,0.079857375,0.079857375,0.07985670539999999,0.07996540111666667,-0.00010869534583333333,0.0,0.0,0.0,0.0,0.0,0.0,0.0
2023-03-07 11:18:00,1678187909.5,0.12652230833333333,0.12652230833333333,0.12650289995416666,0.1269852767,-0.00048237690833333337,0.0,0.0,0.0,0.0,0.0,0.0,0.0
2023-03-07 11:19:00,1678187969.5,0.16538569166666667,0.16538569166666667,0.16540621560833332,0.16505868545416666,0.00034753045,0.0,0.0,0.0,0.0,0.0,0.0,0.0
2023-03-07 11:20:00,1678188029.5,0.19031206666666664,0.19031206666666664,0.1903120594875,0.1906019625125,-0.0002899028458333333,0.0,0.0,0.0,0.0,0.0,0.0,0.0
2023-03-07 11:21:00,1678188089.5,0.20337329583333333,0.20337329583333333,0.20337335637083334,0.20310665038333334,0.00026670618333333334,0.0,0.0,0.0,0.0,0.0,0.0,0.0
2023-03-07 11:22:00,1678188149.5,0.22920745833333334,0.22920745833333334,0.2292074467875,0.22898150560000002,0.00022594122083333335,0.0,0.0,0.0,0.0,0.0,0.0,0.0
2023-03-07 11:23:00,1678188209.5,0.2430858125,0.2430858125,0.24308510605,0.2433866167,-0.0003015106125,0.0,0.0,0.0,0.0,0.0,0.0,0.0
2023-03-07 11:24:00,1678188269.5,0.19174857083333335,0.19174857083333335,0.191750061075,0.19208485392083335,-0.00033479279583333336,0.0,0.0,0.0,0.0,0.0,0.0,0.0
2023-03-07 11:25:00,1678188329.5,0.1499748875,0.1499748875,0.1499730383,0.14947752386250002,0.0004955136958333334,0.0,0.0,0.0,0.0,0.0,0.0,0.0
2023-03-07 11:26:00,1678188389.5,0.15943705000000002,0.15943705000000002,0.15944469659166666,0.15907371007916668,0.00037098640833333336,0.0,0.0,0.0,0.0,0.0,0.0,0.0
2023-03-07 11:27:00,1678188449.5,0.17024490833333333,0.17024490833333333,0.17023866529999998,0.16992742332083335,0.0003112420583333334,0.0,0.0,0.0,0.0,0.0,0.0,0.0
2023-03-07 11:28:00,1678188509.5,0.0887589375,0.0887589375,0.08875902487083334,0.08747386860416667,0.0012851564666666667,0.004166666666666667,0.004166666666666667,0.0007152652708333333,0.000921467775,0.0015625,0.004166666666666667,0.0
2023-03-07 11:29:00,1678188569.5,0.22967202916666668,0.22967202916666668,0.229679822025,0.22989249159166666,-0.00021266959166666653,0.016666666666666666,0.016666666666666666,0.0035079950125,0.0039781001375,0.008333333333333333,0.0125,0.0010460251046025104
2023-03-07 11:30:00,1678188629.5,0.178126525,0.178126525,0.17816243092916667,0.17547895244166664,0.0026834784541666665,0.0125,0.0125,0.002977070229166667,0.0015239018375,0.003125,0.0125,0.0036458333333333334
2023-03-07 11:31:00,1678188689.5,0.16814101666666667,0.16814101666666667,0.16810199532083334,0.17365980539999998,-0.005557810220833333,0.0125,0.0125,0.003115110041666667,0.003268763691666667,0.0067708333333333336,0.008333333333333333,0.0421875
2023-03-07 11:32:00,1678188749.5,0.19164702916666665,0.19164702916666665,0.1916306247625,0.19388485470833333,-0.0022542299041666673,0.008333333333333333,0.008333333333333333,0.0014753209375,0.0024052366833333333,0.0036458333333333334,0.008333333333333333,0.0036458333333333334
2023-03-07 11:33:00,1678188809.5,0.39967665,0.39967665,0.39969366862916667,0.39508573006250003,0.004607938554166666,0.0,0.0,0.0,0.0,0.0,0.0,0.0
2023-03-07 11:34:00,1678188869.5,0.40629804166666666,0.40629804166666666,0.406312925175,0.407411619625,-0.0010986944875,0.0125,0.0125,0.0008452492666666667,0.0004917123958333334,0.0020833333333333333,0.008333333333333333,0.005729166666666666
2023-03-07 11:35:00,1678188929.5,0.44151433333333334,0.44151433333333334,0.4414516032708333,0.4418394015958333,-0.0003877983125000003,0.004166666666666667,0.004166666666666667,0.0002773387208333333,9.17492375e-05,0.0005208333333333333,0.004166666666666667,0.003125
2023-03-07 11:36:00,1678188989.5,0.4711397708333333,0.4711397708333333,0.47121171399166667,0.4713452792041667,-0.00013356527083333329,0.0,0.0,0.0,0.0,0.0,0.0,0.0
2023-03-07 11:37:00,1678189049.5,0.5183920416666666,0.5183920416666666,0.5183469706208333,0.5192521212416666,-0.0009051506624999999,0.0,0.0,0.0,0.0,0.0,0.0,0.0
2023-03-07 11:38:00,1678189109.5,0.36636246666666666,0.36636246666666666,0.36637591156666666,0.36387363091249997,0.0025022806708333333,0.016666666666666666,0.016666666666666666,0.0074526131416666665,0.006695543870833333,0.008854166666666666,0.0125,1.7140625
2023-03-07 11:39:00,1678189169.5,0.22509579583333333,0.22509579583333333,0.22509656937500003,0.226767894675,-0.0016713254249999998,0.0,0.0,0.0,0.0,0.0,0.004166666666666667,0.0
2023-03-07 11:40:00,1678189229.5,0.33674656666666664,0.33674656666666664,0.33674870202083335,0.33181546387916666,0.004933238141666667,0.008333333333333333,0.008333333333333333,0.0014248654666666667,0.0013999462791666668,0.0020833333333333333,0.004166666666666667,0.0010416666666666667
2023-03-07 11:41:00,1678189289.5,0.25843512916666667,0.25843512916666667,0.25833730280833334,0.2613726587958333,-0.003035356025,0.016666666666666666,0.016666666666666666,0.005452043,0.0029930739583333334,0.0046875,0.008333333333333333,0.010416666666666666
2023-03-07 11:42:00,1678189349.5,0.175750275,0.175750275,0.1758495838625,0.16080355272916666,0.015046031070833332,0.020833333333333332,0.020833333333333332,0.005315135858333334,0.005026073933333333,0.005729166666666666,0.016666666666666666,0.038179916317991634
2023-03-07 11:43:00,1678189409.5,0.29308182499999996,0.29308182499999996,0.2931386484875,0.3044584371875,-0.011319788658333333,0.041666666666666664,0.041666666666666664,0.012069133375,0.014482043162500001,0.017708333333333333,0.020833333333333332,0.07845188284518828
2023-03-07 11:44:00,1678189469.5,0.3981601416666667,0.3981601416666667,0.39810404837083335,0.4011983176375,-0.0030942693000000003,0.016666666666666666,0.016666666666666666,0.0014578231458333333,0.0011659152708333334,0.004166666666666667,0.016666666666666666,0.0036458333333333334
2023-03-07 11:45:00,1678189529.5,0.38871395,0.38871395,0.3887137096583333,0.39063584430416665,-0.0019221346208333336,0.008333333333333333,0.008333333333333333,0.0009916506416666668,5.2009849999999995e-05,0.0015625,0.008333333333333333,0.07447916666666667
2023-03-07 11:46:00,1678189589.5,0.2883302291666666,0.2883302291666666,0.28832833593333335,0.2970040151875,-0.008675679274999999,0.0125,0.0125,0.0018602487791666668,0.0023058604749999997,0.0203125,0.008333333333333333,0.07447916666666667
2023-03-07 11:47:00,1678189649.5,0.2600771333333333,0.2600771333333333,0.2600788395625,0.25245222075,0.0076266188625,0.004166666666666667,0.004166666666666667,0.00040541404999999995,8.1696e-05,0.0005208333333333333,0.004166666666666667,0.0
2023-03-07 11:48:00,1678189709.5,0.22844390416666668,0.22844390416666668,0.22844109942083335,0.22793753541666667,0.0005035641291666667,0.0,0.0,0.0,0.0,0.0,0.0,0.0
2023-03-07 11:49:00,1678189769.5,0.2026631083333333,0.2026631083333333,0.20266226932916667,0.20236890777083336,0.00029336123333333335,0.0,0.0,0.0,0.0,0.0,0.0,0.0
2023-03-07 11:50:00,1678189829.5,0.18005957916666665,0.18005957916666665,0.18005961521666666,0.1800925233625,-3.290811666666663e-05,0.0,0.0,0.0,0.0,0.0,0.0,0.0
2023-03-07 11:51:00,1678189889.5,0.1908193125,0.1908193125,0.19081931961666668,0.1904828791125,0.0003364400916666667,0.0,0.0,0.0,0.0,0.0,0.0,0.0
2023-03-07 11:52:00,1678189949.5,0.18098866666666666,0.18098866666666666,0.18098961882916667,0.181234722925,-0.00024510414166666663,0.0,0.0,0.0,0.0,0.0,0.0,0.0
2023-03-07 11:53:00,1678190009.5,0.18758339999999998,0.18758339999999998,0.18758246236666667,0.18770286191666666,-0.00012039971249999997,0.0,0.0,0.0,0.0,0.0,0.0,0.0
2023-03-07 11:54:00,1678190069.5,0.17300030416666667,0.17300030416666667,0.17300111195416665,0.1728661770125,0.0001349349333333333,0.0,0.0,0.0,0.0,0.0,0.0,0.0
2023-03-07 11:55:00,1678190129.5,0.14794041666666666,0.14794041666666666,0.1479411252,0.14807733912916668,-0.00013621396666666663,0.0,0.0,0.0,0.0,0.0,0.0,0.0
2023-03-07 11:56:00,1678190189.5,0.08509046249999999,0.08509046249999999,0.08509955157083333,0.08452227397916667,0.0005772775416666668,0.0,0.0,0.0,0.0,0.0,0.0,0.0
2023-03-07 11:57:00,1678190249.5,0.04847514583333334,0.04847514583333334,0.048465789612500004,0.04918331845,-0.0007175290250000001,0.0,0.0,0.0,0.0,0.0,0.0,0.0
2023-03-07 11:58:00,1678190309.5,0.057488808333333336,0.057488808333333336,0.05748386824583333,0.0568759365375,0.0006079317166666666,0.0,0.0,0.0,0.0,0.0,0.0,0.0
2023-03-07 11:59:00,1678190369.5,0.05138002083333334,0.05138002083333334,0.051380369575,0.0507572546875,0.0006231150708333333,0.0,0.0,0.0,0.0,0.0,0.0,0.0
2023-03-07 12:00:00,1678190429.5,0.08838511666666667,0.08838511666666667,0.088394862825,0.08939757986249999,-0.0010027171125,0.0,0.0,0.0,0.0,0.0,0.0,0.0
2023-03-07 12:01:00,1678190489.5,0.0673941875,0.0673941875,0.06739917693333333,0.066975494175,0.00042368291249999997,0.0,0.0,0.0,0.0,0.0,0.0,0.0
2023-03-07 12:02:00,1678190549.5,0.10469299583333333,0.10469299583333333,0.104696027975,0.1025472674125,0.0021487604083333333,0.004166666666666667,0.004166666666666667,0.00042005655,0.0007970804166666667,0.008333333333333333,0.0,0.0
2023-03-07 12:03:00,1678190609.5,0.156660375,0.156660375,0.156630609975,0.153509652625,0.0031209574041666664,0.0,0.0,0.0,0.0,0.0,0.004166666666666667,0.0
2023-03-07 12:04:00,1678190669.5,0.14752923750000002,0.14752923750000002,0.14754284612083335,0.15086954732083332,-0.0033267012291666666,0.004166666666666667,0.004166666666666667,0.0006639240208333333,0.0009289313833333333,0.003125,0.004166666666666667,0.0005208333333333333
2023-03-07 12:05:00,1678190729.5,0.1047624375,0.1047624375,0.10477041321666666,0.108085912475,-0.0033154992666666666,0.0125,0.0125,0.0023056784208333333,0.002734448120833334,0.0078125,0.0125,0.014583333333333334
2023-03-07 12:06:00,1678190789.5,0.09039293333333333,0.09039293333333333,0.09036730377083332,0.09086413273749999,-0.0004968290124999998,0.004166666666666667,0.004166666666666667,0.0009963401125,0.0014016368458333332,0.005729166666666666,0.004166666666666667,0.0
2023-03-07 12:07:00,1678190849.5,0.0704928625,0.0704928625,0.07050830753333333,0.06650695079999999,0.00400135675,0.008333333333333333,0.008333333333333333,0.0036375328083333336,0.004437637095833334,0.0026041666666666665,0.004166666666666667,0.0
2023-03-07 12:08:00,1678190909.5,0.12735529583333333,0.12735529583333333,0.12736517227916666,0.12637528527083333,0.000989887029166667,0.0,0.0,0.0,0.0,0.0,0.004166666666666667,0.0005208333333333333
2023-03-07 12:09:00,1678190969.5,0.4777627583333333,0.4777627583333333,0.47766796570416664,0.46586829479999997,0.011799670916666668,0.016666666666666666,0.016666666666666666,0.0095660493875,0.010055156745833333,0.010416666666666666,0.016666666666666666,0.01778242677824268
2023-03-07 12:10:00,1678191029.5,0.6894143833333334,0.6894143833333334,0.69007552725,0.695598512975,-0.0055229857249999995,0.10416666666666667,0.1,0.04454330567083333,0.06691991979999999,0.0359375,0.020833333333333332,0.0005296610169491525
2023-03-07 12:11:00,1678191089.5,0.6603301958333333,0.6603301958333333,0.6596944317541666,0.6588404050416667,0.000854026741666666,0.0875,0.0875,0.031518185425,0.05422575875,0.0296875,0.04583333333333333,0.01202928870292887
2023-03-07 12:12:00,1678191149.5,1.4992225541666668,1.4992225541666668,1.4993562717291666,1.5081054869416666,-0.008749215241666665,0.041666666666666664,0.04583333333333333,0.009846428879166667,0.007692988295833333,0.011458333333333333,0.029166666666666667,0.15677083333333333
2023-03-07 12:13:00,1678191209.5,2.0008474916666668,2.0008474916666668,2.000657868733333,2.0089004342875,-0.0082425655625,0.03333333333333333,0.03333333333333333,0.0114480785375,0.0105423020375,0.009375,0.025,0.13385416666666666
2023-03-07 12:14:00,1678191269.5,2.2317507375,2.2317507375,2.2318262080041666,2.222108194704167,0.0097180132625,0.041666666666666664,0.041666666666666664,0.009495992291666666,0.009518344591666667,0.016666666666666666,0.025,0.0015957446808510637
2023-03-07 12:15:00,1678191329.5,2.5429356291666663,2.5429356291666663,2.543016776875,2.5468586082916667,-0.003841831425,0.041666666666666664,0.041666666666666664,0.008799993375,0.009357674354166668,0.015104166666666667,0.029166666666666667,0.0005341880341880342
2023-03-07 12:16:00,1678191389.5,2.3592373749999997,2.3592373749999997,2.359158879516667,2.3626545764875,-0.0034956970041666664,0.016666666666666666,0.016666666666666666,0.0031998921541666666,0.0031282744416666667,0.004166666666666667,0.020833333333333332,0.0005296610169491525
2023-03-07 12:17:00,1678191449.5,2.1170069125,2.1170069125,2.1169642732875,2.114465302866667,0.002498970395833334,0.025,0.020833333333333332,0.0040250809375,0.003630543175,0.0067708333333333336,0.0125,0.0026260504201680674
2023-03-07 12:18:00,1678191509.5,1.9077899500000002,1.9077899500000002,1.9078128084916666,1.9124201399333332,-0.004607331500000001,0.016666666666666666,0.020833333333333332,0.003606500145833333,0.0054067345125,0.005208333333333333,0.0125,0.0
2023-03-07 12:19:00,1678191569.5,2.1451758791666666,2.1451758791666666,2.1453888012125,2.1388732513333335,0.006515549904166667,0.041666666666666664,0.0375,0.005642695495833333,0.0089161263625,0.0109375,0.025,0.004219409282700422
2023-03-07 12:20:00,1678191629.5,1.9773236625000001,1.9773236625000001,1.9772088105125,1.9812877457625,-0.004078935258333332,0.0625,0.06666666666666667,0.0176619761625,0.03426881645,0.022395833333333334,0.029166666666666667,0.0058016877637130804
2023-03-07 12:21:00,1678191689.5,0.9074315625,0.9074315625,0.9074042129583333,0.9050339054333333,0.0023703074999999975,0.0625,0.0625,0.0252111523625,0.03540072539583334,0.018229166666666668,0.025,0.006856540084388186
2023-03-07 12:22:00,1678191749.5,0.7321859166666667,0.7321859166666667,0.7321738180375,0.7410977326416667,-0.008923914745833334,0.0375,0.0375,0.009976896925000001,0.0186554029375,0.016666666666666666,0.029166666666666667,0.01207983193277311
2023-03-07 12:23:00,1678191809.5,0.8914019083333333,0.8914019083333333,0.8914015978291666,0.8801044467916667,0.011297151045833334,0.0125,0.0125,0.0019903615166666664,0.000524836575,0.0015625,0.0125,0.0010460251046025104
2023-03-07 12:24:00,1678191869.5,0.5289648916666666,0.5289648916666666,0.5289696152625,0.5301853805541666,-0.001215765325,0.0,0.0,0.0,0.0,0.0,0.0,0.0
2023-03-07 12:25:00,1678191929.5,0.37349585416666664,0.37349585416666664,0.373493551325,0.37243394555000003,0.0010596059708333336,0.0,0.0,0.0,0.0,0.0,0.0,0.0
2023-03-07 12:26:00,1678191989.5,0.40702428749999997,0.40702428749999997,0.407025657875,0.4079907618083333,-0.0009651041,0.0,0.0,0.0,0.0,0.0,0.0,0.0
2023-03-07 12:27:00,1678192049.5,0.3458670833333333,0.3458670833333333,0.3458661575,0.3458392775625,2.6880691666666663e-05,0.0,0.0,0.0,0.0,0.0,0.0,0.0
2023-03-07 12:28:00,1678192109.5,0.29824096666666666,0.29824096666666666,0.2982406502416667,0.2983690805375,-0.00012843062916666667,0.0,0.0,0.0,0.0,0.0,0.0,0.0
2023-03-07 12:29:00,1678192169.5,0.27213981249999997,0.27213981249999997,0.27214183100416667,0.27201201439999995,0.00012981697083333334,0.0,0.0,0.0,0.0,0.0,0.0,0.0
2023-03-07 12:30:00,1678192229.5,0.25612029166666667,0.25612029166666667,0.2561190858958333,0.25613441025,-1.5324470833333335e-05,0.0,0.0,0.0,0.0,0.0,0.0,0.0
2023-03-07 12:31:00,1678192289.5,0.244073575,0.244073575,0.2440728063375,0.24405269128333332,2.01151375e-05,0.0,0.0,0.0,0.0,0.0,0.0,0.0
2023-03-07 12:32:00,1678192349.5,0.18648345,0.18648345,0.18648285269583334,0.18683386332083335,-0.0003510106541666667,0.0,0.0,0.0,0.0,0.0,0.0,0.0
2023-03-07 12:33:00,1678192409.5,0.05555578333333333,0.05555578333333333,0.055557872454166664,0.055482289045833334,7.558336249999992e-05,0.0,0.0,0.0,0.0,0.0,0.0,0.0
2023-03-07 12:34:00,1678192469.5,0.09769250833333333,0.09769250833333333,0.09768795654166666,0.09722692089166667,0.00046103566250000006,0.0,0.0,0.0,0.0,0.0,0.0,0.0
2023-03-07 12:35:00,1678192529.5,0.05151349583333333,0.05151349583333333,0.051526952183333335,0.0498249921,0.0017019601416666667,0.0,0.0,0.0,0.0,0.0,0.0,0.0
2023-03-07 12:36:00,1678192589.5,0.06466021666666667,0.06466021666666667,0.06465085570416666,0.06749801325416667,-0.002847157625,0.0,0.0,0.0,0.0,0.0,0.0,0.0
2023-03-07 12:37:00,1678192649.5,0.1054032,0.1054032,0.10540215504166667,0.10439919335416666,0.0010029616541666667,0.0,0.0,0.0,0.0,0.0,0.0,0.0
2023-03-07 12:38:00,1678192709.5,0.1338966208333333,0.1338966208333333,0.13389821602916668,0.13393669689166668,-3.84811e-05,0.0,0.0,0.0,0.0,0.0,0.0,0.0
2023-03-07 12:39:00,1678192769.5,0.15229777083333335,0.15229777083333335,0.15229710880416666,0.15233614549583332,-3.90373125e-05,0.0,0.0,0.0,0.0,0.0,0.0,0.0
2023-03-07 12:40:00,1678192829.5,0.16660842083333333,0.16660842083333333,0.16660834773750002,0.16659033283333333,1.8015512499999998e-05,0.0,0.0,0.0,0.0,0.0,0.0,0.0
2023-03-07 12:41:00,1678192889.5,0.17942947916666666,0.17942947916666666,0.17942898329166665,0.1796083675375,-0.000179384075,0.0,0.0,0.0,0.0,0.0,0.0,0.0
2023-03-07 12:42:00,1678192949.5,0.1996995125,0.1996995125,0.19970076788333332,0.19951607483333333,0.00018469266666666664,0.0,0.0,0.0,0.0,0.0,0.0,0.0
2023-03-07 12:43:00,1678193009.5,0.20251365416666667,0.20251365416666667,0.20251301958333334,0.20263335634166665,-0.00012033696666666666,0.0,0.0,0.0,0.0,0.0,0.0,0.0
2023-03-07 12:44:00,1678193069.5,0.1970350375,0.1970350375,0.19703434469166667,0.19694644123333335,8.79033375e-05,0.0,0.0,0.0,0.0,0.0,0.0,0.0
2023-03-07 12:45:00,1678193129.5,0.1968481375,0.1968481375,0.19684821837083336,0.197106168975,-0.0002579501375,0.0,0.0,0.0,0.0,0.0,0.0,0.0
2023-03-07 12:46:00,1678193189.5,0.22789387083333335,0.22789387083333335,0.2278941108125,0.2270566937625,0.0008374171208333333,0.0,0.0,0.0,0.0,0.0,0.0,0.0
2023-03-07 12:47:00,1678193249.5,0.2992769375,0.2992769375,0.2992781314708333,0.29957017079166665,-0.0002920392833333333,0.0,0.0,0.0,0.0,0.0,0.0,0.0
2023-03-07 12:48:00,1678193309.5,0.33913883333333333,0.33913883333333333,0.339138743275,0.34180154532499996,-0.002662802629166667,0.0,0.0,0.0,0.0,0.0,0.0,0.0
2023-03-07 12:49:00,1678193369.5,0.36119779583333333,0.36119779583333333,0.36119581955833335,0.35825736444583334,0.002938454970833333,0.0,0.0,0.0,0.0,0.0,0.0,0.0
2023-03-07 12:50:00,1678193429.5,0.29709825416666663,0.29709825416666663,0.297100180875,0.29747529404583334,-0.0003751141458333333,0.0,0.0,0.0,0.0,0.0,0.0,0.0
2023-03-07 12:51:00,1678193489.5,0.21762002916666667,0.21762002916666667,0.21761984463333334,0.2177772075916667,-0.00015736359166666666,0.0,0.0,0.0,0.0,0.0,0.0,0.0
2023-03-07 12:52:00,1678193549.5,0.1910650375,0.1910650375,0.19106562719166667,0.19119362291666667,-0.000127995575,0.0,0.0,0.0,0.0,0.0,0.0,0.0
2023-03-07 12:53:00,1678193609.5,0.20880932083333334,0.20880932083333334,0.20880871034166668,0.20834696079166667,0.00046174962083333354,0.004166666666666667,0.004166666666666667,0.00039991057083333336,0.000995244225,0.003125,0.004166666666666667,0.0
2023-03-07 12:54:00,1678193669.5,0.38154792083333333,0.38154792083333333,0.3815466863875,0.3845946879291667,-0.0030480015458333337,0.0,0.0,0.0,0.0,0.0,0.0,0.0
2023-03-07 12:55:00,1678193729.5,0.5666856,0.5666856,0.5666852672208333,0.5638191898958334,0.0028660773125,0.0,0.0,0.0,0.0,0.0,0.0,0.0
2023-03-07 12:56:00,1678193789.5,0.5759502458333333,0.5759502458333333,0.5759510829541666,0.5731999825875,0.0027511002958333333,0.0,0.0,0.0,0.0,0.0,0.0,0.0
2023-03-07 12:57:00,1678193849.5,0.64729405,0.64729405,0.6472936810708333,0.6488134483333333,-0.0015197673166666673,0.0125,0.0125,0.008130471775,0.008273888341666667,0.007291666666666667,0.008333333333333333,0.0078125
2023-03-07 12:58:00,1678193909.5,1.0090685166666666,1.0090685166666666,1.0090659331458334,1.019163540875,-0.010097607841666667,0.0,0.0,0.0,0.0,0.0,0.004166666666666667,0.003125
2023-03-07 12:59:00,1678193969.5,1.1959698375,1.1959698375,1.1959690988166665,1.1837754956125002,0.012193603141666667,0.0,0.0,0.0,0.0,0.0,0.0,0.0
2023-03-07 13:00:00,1678194029.5,1.2756349083333334,1.2756349083333334,1.2756412950208333,1.2782826697458334,-0.0026413747541666668,0.004166666666666667,0.004166666666666667,0.000810535975,0.0009477292583333334,0.0036458333333333334,0.004166666666666667,0.0046875
2023-03-07 13:01:00,1678194089.5,1.1175518791666665,1.1175518791666665,1.1175488414708332,1.1191851617125002,-0.0016363202416666666,0.0,0.0,0.0,0.0,0.0,0.0,0.0
2023-03-07 13:02:00,1678194149.5,0.8456806458333334,0.8456806458333334,0.8456803500375,0.8447816767458334,0.000898673075,0.0,0.0,0.0,0.0,0.0,0.0,0.0
2023-03-07 13:03:00,1678194209.5,0.6102263125,0.6102263125,0.6102271478833334,0.6123476112791667,-0.0021204632833333333,0.0,0.0,0.0,0.0,0.0,0.0,0.0
2023-03-07 13:04:00,1678194269.5,0.3114095083333333,0.3114095083333333,0.3114092398375,0.30935497770416664,0.0020542622208333332,0.0,0.0,0.0,0.0,0.0,0.0,0.0
2023-03-07 13:05:00,1678194329.5,0.23672064166666665,0.23672064166666665,0.23671983382916667,0.23656507949583333,0.00015475436250000002,0.0,0.0,0.0,0.0,0.0,0.0,0.0
2023-03-07 13:06:00,1678194389.5,0.29642006666666665,0.29642006666666665,0.29641962712083336,0.29657282417499997,-0.0001531973875,0.0,0.0,0.0,0.0,0.0,0.0,0.0
2023-03-07 13:07:00,1678194449.5,0.25576784166666666,0.25576784166666666,0.25576891697083337,0.2552749718958333,0.0004939450625,0.0,0.0,0.0,0.0,0.0,0.0,0.0
2023-03-07 13:08:00,1678194509.5,0.15691660000000002,0.15691660000000002,0.15691804369583334,0.15749823718333333,-0.0005801933749999999,0.0,0.0,0.0,0.0,0.0,0.0,0.0
2023-03-07 13:09:00,1678194569.5,0.14373246666666667,0.14373246666666667,0.14373257547083332,0.14394689180833334,-0.00021431676250000006,0.0,0.0,0.0,0.0,0.0,0.0,0.0
2023-03-07 13:10:00,1678194629.5,0.207537475,0.207537475,0.20753552632916666,0.20821296272916667,-0.0006774363625,0.004166666666666667,0.004166666666666667,0.00027006615833333333,2.6344216666666668e-05,0.0010416666666666667,0.004166666666666667,0.0005208333333333333
2023-03-07 13:11:00,1678194689.5,0.3164071375,0.3164071375,0.31640780577500005,0.3153111354916666,0.00109667035,0.0,0.0,0.0,0.0,0.0,0.0,0.0
2023-03-07 13:12:00,1678194749.5,0.32990093333333337,0.32990093333333337,0.32989994992916666,0.33004242732916667,-0.00014247725000000002,0.0,0.0,0.0,0.0,0.0,0.0,0.0
2023-03-07 13:13:00,1678194809.5,0.3216188291666667,0.3216188291666667,0.3216205413666666,0.3216388239583334,-1.8282524999999998e-05,0.0,0.0,0.0,0.0,0.0,0.0,0.0
2023-03-07 13:14:00,1678194869.5,0.3137852666666667,0.3137852666666667,0.31378279256249997,0.31378715064999996,-4.358529416666668e-06,0.0,0.0,0.0,0.0,0.0,0.0,0.0
2023-03-07 13:15:00,1678194929.5,0.30014729166666665,0.30014729166666665,0.30014915477083337,0.30010770239583334,4.1452499999999997e-05,0.0,0.0,0.0,0.0,0.0,0.0,0.0
2023-03-07 13:16:00,1678194989.5,0.2872782541666667,0.2872782541666667,0.2872790678083333,0.2873018616875,-2.279469166666667e-05,0.0,0.0,0.0,0.0,0.0,0.0,0.0
2023-03-07 13:17:00,1678195049.5,0.2813884125,0.2813884125,0.2813866428666667,0.28139963590833333,-1.2993595833333335e-05,0.0,0.0,0.0,0.0,0.0,0.0,0.0
2023-03-07 13:18:00,1678195109.5,0.2784676875,0.2784676875,0.27846872379166665,0.2785004285666667,-3.17032125e-05,0.0,0.0,0.0,0.0,0.0,0.0,0.0
2023-03-07 13:19:00,1678195169.5,0.2850142041666667,0.2850142041666667,0.2850133967208333,0.28477717869999997,0.00023621758333333332,0.0,0.0,0.0,0.0,0.0,0.0,0.0
2023-03-07 13:20:00,1678195229.5,0.3068113958333333,0.3068113958333333,0.30681183609999996,0.307005813975,-0.0001939776625,0.0,0.0,0.0,0.0,0.0,0.0,0.0
2023-03-07 13:21:00,1678195289.5,0.30963630833333333,0.30963630833333333,0.3096361180083333,0.30963707797083334,-9.597958333333332e-07,0.0,0.0,0.0,0.0,0.0,0.0,0.0
2023-03-07 13:22:00,1678195349.5,0.31057612083333336,0.31057612083333336,0.3105772800291666,0.31059637869999995,-1.90985e-05,0.0,0.0,0.0,0.0,0.0,0.0,0.0
2023-03-07 13:23:00,1678195409.5,0.31296290833333335,0.31296290833333335,0.31296142551666667,0.31295889975,2.524845833333332e-06,0.0,0.0,0.0,0.0,0.0,0.0,0.0
2023-03-07 13:24:00,1678195469.5,0.3151948375,0.3151948375,0.3151954175083333,0.3151902531208333,5.163912499999996e-06,0.0,0.0,0.0,0.0,0.0,0.0,0.0
2023-03-07 13:25:00,1678195529.5,0.31648191666666664,0.31648191666666664,0.3164834678458333,0.316472671325,1.0796829166666669e-05,0.0,0.0,0.0,0.0,0.0,0.0,0.0
2023-03-07 13:26:00,1678195589.5,0.3183723833333333,0.3183723833333333,0.31837110223333337,0.31836753229583337,3.5689875000000026e-06,0.0,0.0,0.0,0.0,0.0,0.0,0.0
2023-03-07 13:27:00,1678195649.5,0.32082325,0.32082325,0.3208227000416667,0.3208204712041667,2.2287874999999976e-06,0.0,0.0,0.0,0.0,0.0,0.0,0.0
2023-03-07 13:28:00,1678195709.5,0.32295378333333336,0.32295378333333336,0.32295569709166666,0.3229918506041667,-3.6154125e-05,0.0,0.0,0.0,0.0,0.0,0.0,0.0
2023-03-07 13:29:00,1678195769.5,0.32502015,0.32502015,0.32501881801250004,0.3249740360041667,4.4781583333333335e-05,0.0,0.0,0.0,0.0,0.0,0.0,0.0
2023-03-07 13:30:00,1678195829.5,0.3262803208333333,0.3262803208333333,0.32628027690833333,0.3262870408875,-6.763670833333334e-06,0.0,0.0,0.0,0.0,0.0,0.0,0.0
2023-03-07 13:31:00,1678195889.5,0.3267768833333333,0.3267768833333333,0.3267755631083334,0.32677731965833334,-1.7566124999999999e-06,0.0,0.0,0.0,0.0,0.0,0.0,0.0
2023-03-07 13:32:00,1678195949.5,0.3276046291666666,0.3276046291666666,0.3276049228208333,0.3276343096333333,-2.9386770833333337e-05,0.0,0.0,0.0,0.0,0.0,0.0,0.0
2023-03-07 13:33:00,1678196009.5,0.329238925,0.329238925,0.32924166362083335,0.3288193376833333,0.00042232581666666667,0.0,0.0,0.0,0.0,0.0,0.0,0.0
2023-03-07 13:34:00,1678196069.5,0.2977657541666667,0.2977657541666667,0.2977629626666667,0.299051107325,-0.0012881443708333334,0.0,0.0,0.0,0.0,0.0,0.0,0.0
2023-03-07 13:35:00,1678196129.5,0.1689527,0.1689527,0.16895319904166667,0.16500227338333331,0.003950925729166667,0.0,0.0,0.0,0.0,0.0,0.0,0.0
2023-03-07 13:36:00,1678196189.5,0.0866655875,0.0866655875,0.08666591512916666,0.0894565073,-0.0027905925541666667,0.0,0.0,0.0,0.0,0.0,0.0,0.0
2023-03-07 13:37:00,1678196249.5,0.12110767916666668,0.12110767916666668,0.121106948575,0.12141656833333332,-0.00030962008750000006,0.0,0.0,0.0,0.0,0.0,0.0,0.0
2023-03-07 13:38:00,1678196309.5,0.13863298333333332,0.13863298333333332,0.13863416429166667,0.1385917014875,4.24638625e-05,0.0,0.0,0.0,0.0,0.0,0.0,0.0
2023-03-07 13:39:00,1678196369.5,0.141404275,0.141404275,0.14140504064166667,0.14136626849166667,3.8772945833333334e-05,0.0,0.0,0.0,0.0,0.0,0.0,0.0
2023-03-07 13:40:00,1678196429.5,0.138456825,0.138456825,0.13845693137083334,0.13850962220833332,-5.2691116666666664e-05,0.0,0.0,0.0,0.0,0.0,0.0,0.0
2023-03-07 13:41:00,1678196489.5,0.1374102375,0.1374102375,0.13740879889166668,0.13740335629166667,5.442712499999996e-06,0.0,0.0,0.0,0.0,0.0,0.0,0.0
2023-03-07 13:42:00,1678196549.5,0.136646675,0.136646675,0.13664758130833335,0.13663971507916667,7.866270833333337e-06,0.0,0.0,0.0,0.0,0.0,0.0,0.0
2023-03-07 13:43:00,1678196609.5,0.13467639166666664,0.13467639166666664,0.13467733536249998,0.134705142225,-2.780745416666667e-05,0.0,0.0,0.0,0.0,0.0,0.0,0.0
2023-03-07 13:44:00,1678196669.5,0.13475647916666667,0.13475647916666667,0.1347547705375,0.13473509189583333,1.9678870833333328e-05,0.0,0.0,0.0,0.0,0.0,0.0,0.0
2023-03-07 13:45:00,1678196729.5,0.13437207916666666,0.13437207916666666,0.1343716089291667,0.13434799202916667,2.3617045833333335e-05,0.0,0.0,0.0,0.0,0.0,0.0,0.0
2023-03-07 13:46:00,1678196789.5,0.11543687083333333,0.11543687083333333,0.115436466625,0.11621368467916667,-0.0007772182125,0.0,0.0,0.0,0.0,0.0,0.0,0.0
2023-03-07 13:47:00,1678196849.5,0.03046932083333333,0.03046932083333333,0.030470973170833335,0.031090021570833334,-0.0006190483333333333,0.0,0.0,0.0,0.0,0.0,0.0,0.0
2023-03-07 13:48:00,1678196909.5,0.08288510833333333,0.08288510833333333,0.082885102275,0.08201478751249999,0.0008703147083333332,0.0,0.0,0.0,0.0,0.0,0.0,0.0
2023-03-07 13:49:00,1678196969.5,0.09551917916666668,0.09551917916666668,0.095521095225,0.094331840125,0.0011892551833333335,0.0,0.0,0.0,0.0,0.0,0.0,0.0
2023-03-07 13:50:00,1678197029.5,0.12898400416666667,0.12898400416666667,0.12898203449166668,0.1302432509,-0.0012612163708333331,0.0,0.0,0.0,0.0,0.0,0.0,0.0
2023-03-07 13:51:00,1678197089.5,0.19307278749999998,0.19307278749999998,0.19307189135833333,0.1918364250375,0.0012354662833333333,0.0,0.0,0.0,0.0,0.0,0.0,0.0
2023-03-07 13:52:00,1678197149.5,0.30087359166666666,0.30087359166666666,0.3008743886875,0.30030780549166664,0.0005665831958333333,0.0,0.0,0.0,0.0,0.0,0.0,0.0
2023-03-07 13:53:00,1678197209.5,0.19439165,0.19439165,0.194393362425,0.19556406728333334,-0.0011707051,0.0,0.0,0.0,0.0,0.0,0.0,0.0
2023-03-07 13:54:00,1678197269.5,0.2198147166666667,0.2198147166666667,0.21981306479999999,0.220651342325,-0.0008382775791666667,0.0,0.0,0.0,0.0,0.0,0.0,0.0
2023-03-07 13:55:00,1678197329.5,0.2559600833333333,0.2559600833333333,0.25594380227499997,0.2502504972625,0.0056933048916666664,0.0,0.0,0.0,0.0,0.0,0.0,0.0
2023-03-07 13:56:00,1678197389.5,0.22438027500000002,0.22438027500000002,0.22439237322083333,0.22864185927916666,-0.004249486116666667,0.0,0.0,0.0,0.0,0.0,0.0,0.0
2023-03-07 13:57:00,1678197449.5,0.38915197916666666,0.38915197916666666,0.38915718025,0.3891600865625,-2.9063041666671813e-06,0.0125,0.0125,0.009871073158333334,0.011957523316666666,0.005729166666666666,0.008333333333333333,0.0020920502092050207
2023-03-07 13:58:00,1678197509.5,0.5319765916666667,0.5319765916666667,0.5319751343416667,0.5321757704416666,-0.00020063607499999988,0.0,0.0,0.0,0.0,0.0,0.0,0.0
2023-03-07 13:59:00,1678197569.5,0.37414637916666665,0.37414637916666665,0.37414844706666667,0.3767863435541667,-0.0026378964833333332,0.004166666666666667,0.004166666666666667,0.0009179874458333334,0.00015442897916666669,0.0010416666666666667,0.004166666666666667,0.0005208333333333333
2023-03-07 14:00:00,1678197629.5,0.30252884166666666,0.30252884166666666,0.3025249400041667,0.30067086665416665,0.0018540730708333333,0.0,0.0,0.0,0.0,0.0,0.0,0.0
2023-03-07 14:01:00,1678197689.5,0.43119209999999997,0.43119209999999997,0.4312949151041667,0.40881591641666665,0.022478998816666665,0.0125,0.0125,0.0058766689583333335,0.0015573313291666667,0.0020833333333333333,0.0125,0.0026260504201680674
2023-03-07 14:02:00,1678197749.5,0.3763399291666667,0.3763399291666667,0.37623995864166665,0.39779994199999996,-0.021559983354166666,0.06666666666666667,0.06666666666666667,0.027836554370833332,0.04885575884166667,0.03177083333333333,0.029166666666666667,0.010548523206751054
2023-03-07 14:03:00,1678197809.5,0.3070572041666667,0.3070572041666667,0.30710148216250005,0.30377163178333333,0.003329850370833333,0.04583333333333333,0.04583333333333333,0.014530007362500002,0.022150954483333332,0.0203125,0.016666666666666666,0.005729166666666666
2023-03-07 14:04:00,1678197869.5,0.3470515,0.3470515,0.34699489022916663,0.3511210815708333,-0.004126191383333334,0.058333333333333334,0.058333333333333334,0.014572407724999998,0.023985580658333335,0.021875,0.029166666666666667,0.01365546218487395
2023-03-07 14:05:00,1678197929.5,0.3364155375,0.3364155375,0.336438698075,0.33593824217499996,0.0005004557458333336,0.008333333333333333,0.008333333333333333,0.0025338883541666667,0.0028327960625,0.0036458333333333334,0.008333333333333333,0.003125
2023-03-07 14:06:00,1678197989.5,0.4881378625,0.4881378625,0.4881240209625,0.48570442367916666,0.0024195973,0.0125,0.0125,0.0030135236583333333,0.0053217048749999996,0.0046875,0.008333333333333333,0.0067708333333333336
2023-03-07 14:07:00,1678198049.5,0.5832925291666666,0.5832925291666666,0.5832939381291666,0.5863227018374999,-0.0030287636749999998,0.0,0.0,0.0,0.0,0.0,0.0,0.0
2023-03-07 14:08:00,1678198109.5,0.39338095,0.39338095,0.39334616469583333,0.398470093425,-0.005123928766666667,0.016666666666666666,0.016666666666666666,0.0020494092749999996,0.0023630588916666666,0.0046875,0.016666666666666666,0.01202928870292887
2023-03-07 14:09:00,1678198169.5,0.16042497083333332,0.16042497083333332,0.16045848471250002,0.15586298768333334,0.004595496979166667,0.008333333333333333,0.008333333333333333,0.0015466873333333335,0.0011422649958333332,0.007291666666666667,0.008333333333333333,0.0010460251046025104
2023-03-07 14:10:00,1678198229.5,0.22116570416666667,0.22116570416666667,0.2211661346125,0.2202034920708333,0.0009626425291666666,0.0,0.0,0.0,0.0,0.0,0.0,0.0
2023-03-07 14:11:00,1678198289.5,0.20033490416666666,0.20033490416666666,0.20033656047916668,0.20043972845416666,-0.00010316857916666666,0.0,0.0,0.0,0.0,0.0,0.0,0.0
2023-03-07 14:12:00,1678198349.5,0.19066452916666668,0.19066452916666668,0.1906643609375,0.1910874526875,-0.0004230917875,0.0,0.0,0.0,0.0,0.0,0.0,0.0
2023-03-07 14:13:00,1678198409.5,0.10732017499999999,0.10732017499999999,0.10732360976250001,0.1074188512625,-9.524148333333334e-05,0.0,0.0,0.0,0.0,0.0,0.0,0.0
2023-03-07 14:14:00,1678198469.5,0.06461749166666667,0.06461749166666667,0.0646135163875,0.06350298659166667,0.0011105299125000001,0.0,0.0,0.0,0.0,0.0,0.0,0.0
2023-03-07 14:15:00,1678198529.5,0.08686860833333333,0.08686860833333333,0.086868161475,0.08742374363750001,-0.0005555820041666667,0.0,0.0,0.0,0.0,0.0,0.0,0.0
2023-03-07 14:16:00,1678198589.5,0.08070107916666666,0.08070107916666666,0.08069755606666668,0.08078461915833332,-8.70631375e-05,0.0,0.0,0.0,0.0,0.0,0.0,0.0
2023-03-07 14:17:00,1678198649.5,0.06405147916666667,0.06405147916666667,0.06405672224583334,0.06350178839583334,0.0005549338541666667,0.0,0.0,0.0,0.0,0.0,0.0,0.0
2023-03-07 14:18:00,1678198709.5,0.0801617625,0.0801617625,0.08015645056666668,0.08080456229583333,-0.000648111875,0.0,0.0,0.0,0.0,0.0,0.0,0.0
2023-03-07 14:19:00,1678198769.5,0.13142427916666669,0.13142427916666669,0.13142739540416667,0.1311696513,0.0002577439583333333,0.0,0.0,0.0,0.0,0.0,0.0,0.0
2023-03-07 14:20:00,1678198829.5,0.16780997916666665,0.16780997916666665,0.16781361000416667,0.1677145371625,9.90729916666667e-05,0.0,0.0,0.0,0.0,0.0,0.0,0.0
2023-03-07 14:21:00,1678198889.5,0.09812500833333333,0.09812500833333333,0.09813062361666666,0.09737311088333334,0.0007575125458333334,0.004166666666666667,0.004166666666666667,0.00105522025,0.0010585085208333334,0.0026041666666666665,0.0,0.0
2023-03-07 14:22:00,1678198949.5,0.06517816666666668,0.06517816666666668,0.06516956777916666,0.06665526869583334,-0.0014857009125,0.0,0.0,0.0,0.0,0.0,0.0,0.0
2023-03-07 14:23:00,1678199009.5,0.06825398333333334,0.06825398333333334,0.06826085360416667,0.06824091965833333,1.9934220833333315e-05,0.0,0.0,0.0,0.0,0.0,0.004166666666666667,0.0015625
2023-03-07 14:24:00,1678199069.5,0.13056992083333335,0.13056992083333335,0.130563498925,0.13016806217916665,0.00039543676250000014,0.0,0.0,0.0,0.0,0.0,0.0,0.0
2023-03-07 14:25:00,1678199129.5,0.1491311625,0.1491311625,0.14913040638333333,0.14921395973333332,-8.355327916666668e-05,0.0,0.0,0.0,0.0,0.0,0.0,0.0
2023-03-07 14:26:00,1678199189.5,0.14194376666666667,0.14194376666666667,0.14194524463333333,0.141797645775,0.00014759912499999998,0.0,0.0,0.0,0.0,0.0,0.0,0.0
2023-03-07 14:27:00,1678199249.5,0.1232222,0.1232222,0.1232206483125,0.12321565808333333,4.990304166666666e-06,0.0,0.0,0.0,0.0,0.0,0.0,0.0
2023-03-07 14:28:00,1678199309.5,0.11703337916666666,0.11703337916666666,0.1170336889125,0.11696339741666667,7.029192083333333e-05,0.0,0.0,0.0,0.0,0.0,0.0,0.0
2023-03-07 14:29:00,1678199369.5,0.1182081,0.1182081,0.11821029600833333,0.11826126605833333,-5.0970050000000005e-05,0.0,0.0,0.0,0.0,0.0,0.0,0.0
2023-03-07 14:30:00,1678199429.5,0.11968719166666666,0.11968719166666666,0.1196855949125,0.11971839694166667,-3.280203750000001e-05,0.0,0.0,0.0,0.0,0.0,0.0,0.0
2023-03-07 14:31:00,1678199489.5,0.1227522875,0.1227522875,0.1227525158625,0.12273208968749999,2.0426170833333337e-05,0.0,0.0,0.0,0.0,0.0,0.0,0.0
2023-03-07 14:32:00,1678199549.5,0.12210101666666667,0.12210101666666667,0.12209949094166667,0.1222227635375,-0.00012327202916666668,0.0,0.0,0.0,0.0,0.0,0.0,0.0
2023-03-07 14:33:00,1678199609.5,0.11210490833333334,0.11210490833333334,0.11210807316666667,0.11199089306666667,0.00011718007500000001,0.0,0.0,0.0,0.0,0.0,0.0,0.0
2023-03-07 14:34:00,1678199669.5,0.1100489375,0.1100489375,0.11004309152083333,0.10891206392500001,0.0011310280458333333,0.0,0.0,0.0,0.0,0.0,0.0,0.0
2023-03-07 14:35:00,1678199729.5,0.06506069166666667,0.06506069166666667,0.06506630855416667,0.06745386260416668,-0.0023875541083333337,0.0,0.0,0.0,0.0,0.0,0.0,0.0
2023-03-07 14:36:00,1678199789.5,0.06327719583333333,0.06327719583333333,0.06327619707083333,0.06207044637083334,0.0012057504333333332,0.0,0.0,0.0,0.0,0.0,0.0,0.0
2023-03-07 14:37:00,1678199849.5,0.083104025,0.083104025,0.08310434338333333,0.08293634416666666,0.0001679990875,0.0,0.0,0.0,0.0,0.0,0.0,0.0
2023-03-07 14:38:00,1678199909.5,0.1151057125,0.1151057125,0.11510609851666667,0.115255887075,-0.00014978824583333333,0.0,0.0,0.0,0.0,0.0,0.0,0.0
2023-03-07 14:39:00,1678199969.5,0.1136266125,0.1136266125,0.11362153205416667,0.11297958631666667,0.0006419452625,0.0,0.0,0.0,0.0,0.0,0.0,0.0
2023-03-07 14:40:00,1678200029.5,0.1247334125,0.1247334125,0.12473745312916668,0.12543658984583334,-0.0006991363083333334,0.0,0.0,0.0,0.0,0.0,0.0,0.0
2023-03-07 14:41:00,1678200089.5,0.1189076,0.1189076,0.118908501625,0.11881662912499999,9.1872775e-05,0.0,0.0,0.0,0.0,0.0,0.0,0.0
2023-03-07 14:42:00,1678200149.5,0.12210622083333335,0.12210622083333335,0.12210466326666666,0.12212328140416666,-1.8618066666666667e-05,0.0,0.0,0.0,0.0,0.0,0.0,0.0
2023-03-07 14:43:00,1678200209.5,0.128572825,0.128572825,0.12857383615416668,0.1285249570625,4.887968750000001e-05,0.0,0.0,0.0,0.0,0.0,0.0,0.0
2023-03-07 14:44:00,1678200269.5,0.1423496333333333,0.1423496333333333,0.14234983741666665,0.1424115588458333,-6.172188333333333e-05,0.0,0.0,0.0,0.0,0.0,0.0,0.0
2023-03-07 14:45:00,1678200329.5,0.15363274166666668,0.15363274166666668,0.15363159742083335,0.15354917976666668,8.241809166666668e-05,0.0,0.0,0.0,0.0,0.0,0.0,0.0
2023-03-07 14:46:00,1678200389.5,0.25357853333333336,0.25357853333333336,0.25357819508333335,0.25332168567083335,0.00025650953749999995,0.0,0.0,0.0,0.0,0.0,0.0,0.0
2023-03-07 14:47:00,1678200449.5,0.28366850833333335,0.28366850833333335,0.2836684515,0.28406731974166666,-0.000398867725,0.0,0.0,0.0,0.0,0.0,0.0,0.0
2023-03-07 14:48:00,1678200509.5,0.2622664625,0.2622664625,0.26226764607083336,0.26207711505833337,0.0001905314833333333,0.0,0.0,0.0,0.0,0.0,0.0,0.0
2023-03-07 14:49:00,1678200569.5,0.2359464125,0.2359464125,0.23594694948333333,0.23577199083333333,0.0001749578,0.0,0.0,0.0,0.0,0.0,0.0,0.0
2023-03-07 14:50:00,1678200629.5,0.24639109583333332,0.24639109583333332,0.246390294925,0.2466152700625,-0.00022497529166666663,0.0,0.0,0.0,0.0,0.0,0.0,0.0
2023-03-07 14:51:00,1678200689.5,0.23499053333333333,0.23499053333333333,0.2349892515125,0.23310503135416666,0.0018842199625,0.0,0.0,0.0,0.0,0.0,0.0,0.0
2023-03-07 14:52:00,1678200749.5,0.16272109583333333,0.16272109583333333,0.16271918002916666,0.166021359325,-0.0033021793958333333,0.0,0.0,0.0,0.0,0.0,0.0,0.0
2023-03-07 14:53:00,1678200809.5,0.2432350875,0.2432350875,0.243238957825,0.24199854995833334,0.0012404083958333333,0.0,0.0,0.0,0.0,0.0,0.0,0.0
2023-03-07 14:54:00,1678200869.5,0.21645592916666667,0.21645592916666667,0.2164546267875,0.21630166589166666,0.0001529608208333333,0.0,0.0,0.0,0.0,0.0,0.0,0.0
2023-03-07 14:55:00,1678200929.5,0.164472575,0.164472575,0.16447394732916668,0.16381025865833332,0.0006636886916666667,0.0,0.0,0.0,0.0,0.0,0.0,0.0
2023-03-07 14:56:00,1678200989.5,0.11779163333333333,0.11779163333333333,0.11779206915000001,0.11853965692499999,-0.0007475881166666667,0.0,0.0,0.0,0.0,0.0,0.0,0.0
2023-03-07 14:57:00,1678201049.5,0.15291179583333334,0.15291179583333334,0.15291120542916667,0.15343280271666665,-0.0005215973416666666,0.0,0.0,0.0,0.0,0.0,0.0,0.0
2023-03-07 14:58:00,1678201109.5,0.14672289583333334,0.14672289583333334,0.14672242282083334,0.14557728216666668,0.0011451406208333333,0.0,0.0,0.0,0.0,0.0,0.0,0.0
2023-03-07 14:59:00,1678201169.5,0.19636209166666668,0.19636209166666668,0.19636221619166666,0.1969250233625,-0.0005628072583333334,0.0,0.0,0.0,0.0,0.0,0.0,0.0
2023-03-07 15:00:00,1678201229.5,0.201114475,0.201114475,0.20111499480833334,0.20112285785416667,-7.863879166666665e-06,0.0,0.0,0.0,0.0,0.0,0.0,0.0
2023-03-07 15:01:00,1678201289.5,0.19816170833333333,0.19816170833333333,0.19815978528333333,0.19816641630416668,-6.630670833333329e-06,0.0,0.0,0.0,0.0,0.0,0.0,0.0
2023-03-07 15:02:00,1678201349.5,0.19417296250000002,0.19417296250000002,0.194172599525,0.19414371710416667,2.8882525000000002e-05,0.0,0.0,0.0,0.0,0.0,0.0,0.0
2023-03-07 15:03:00,1678201409.5,0.19388989583333333,0.19388989583333333,0.19389012825000002,0.19390806875,-1.79406375e-05,0.0,0.0,0.0,0.0,0.0,0.0,0.0
2023-03-07 15:04:00,1678201469.5,0.19604185833333335,0.19604185833333335,0.19604355157083334,0.1960248537708333,1.869705e-05,0.0,0.0,0.0,0.0,0.0,0.0,0.0
2023-03-07 15:05:00,1678201529.5,0.194354325,0.194354325,0.19435376564583334,0.1920429017375,0.0023108637208333334,0.0,0.0,0.0,0.0,0.0,0.0,0.0
2023-03-07 15:06:00,1678201589.5,0.133042175,0.133042175,0.13303944954583333,0.13406022220833333,-0.001020772825,0.0,0.0,0.0,0.0,0.0,0.0,0.0
2023-03-07 15:07:00,1678201649.5,0.24102454166666665,0.24102454166666665,0.24102763935416668,0.24142593971249998,-0.00039830041250000006,0.0,0.0,0.0,0.0,0.0,0.0,0.0
2023-03-07 15:08:00,1678201709.5,0.320566825,0.320566825,0.3205670051,0.32090860484166667,-0.00034159954583333333,0.0,0.0,0.0,0.0,0.0,0.0,0.0
2023-03-07 15:09:00,1678201769.5,0.3558686041666667,0.3558686041666667,0.3558672498166667,0.35649339327083335,-0.0006261435541666667,0.0,0.0,0.0,0.0,0.0,0.0,0.0
2023-03-07 15:10:00,1678201829.5,0.33356399999999997,0.33356399999999997,0.3335637673625,0.33351361921666667,5.014904166666667e-05,0.0,0.0,0.0,0.0,0.0,0.0,0.0
2023-03-07 15:11:00,1678201889.5,0.276310275,0.276310275,0.27630934324166667,0.27715928862083333,-0.0008499454083333334,0.0,0.0,0.0,0.0,0.0,0.0,0.0
2023-03-07 15:12:00,1678201949.5,0.18275619583333333,0.18275619583333333,0.18275340493333334,0.18155489487083332,0.0011985100499999999,0.0,0.0,0.0,0.0,0.0,0.0,0.0
2023-03-07 15:13:00,1678202009.5,0.16729195,0.16729195,0.16729465325,0.1681519963875,-0.0008573431916666667,0.0,0.0,0.0,0.0,0.0,0.0,0.0
2023-03-07 15:14:00,1678202069.5,0.20134947500000003,0.20134947500000003,0.20135308100833335,0.19810106865833335,0.0032520132499999996,0.0,0.0,0.0,0.0,0.0,0.0,0.0
2023-03-07 15:15:00,1678202129.5,0.13268447916666667,0.13268447916666667,0.13268277835833334,0.13527863964583334,-0.0025958613541666666,0.0,0.0,0.0,0.0,0.0,0.0,0.0
2023-03-07 15:16:00,1678202189.5,0.1739934625,0.1739934625,0.17399457540000002,0.1743335089416667,-0.0003389330875,0.0,0.0,0.0,0.0,0.0,0.0,0.0
2023-03-07 15:17:00,1678202249.5,0.1634474,0.1634474,0.16344735228750001,0.16334847059583335,9.888230416666667e-05,0.0,0.0,0.0,0.0,0.0,0.0,0.0
2023-03-07 15:18:00,1678202309.5,0.1688085625,0.1688085625,0.16880788475416666,0.16871206244166667,9.58217375e-05,0.0,0.0,0.0,0.0,0.0,0.0,0.0
2023-03-07 15:19:00,1678202369.5,0.17652985833333332,0.17652985833333332,0.17653019323333333,0.1745387711875,0.001991421908333333,0.0,0.0,0.0,0.0,0.0,0.0,0.0
2023-03-07 15:20:00,1678202429.5,0.15227634583333333,0.15227634583333333,0.1522756635375,0.15458196828333334,-0.0023063048458333334,0.0,0.0,0.0,0.0,0.0,0.0,0.0
2023-03-07 15:21:00,1678202489.5,0.15176900833333334,0.15176900833333334,0.15176801835,0.15134727447083335,0.000420743875,0.0,0.0,0.0,0.0,0.0,0.0,0.0
2023-03-07 15:22:00,1678202549.5,0.17693579583333333,0.17693579583333333,0.17693761622083332,0.17706300237916667,-0.00012538592916666667,0.0,0.0,0.0,0.0,0.0,0.0,0.0
2023-03-07 15:23:00,1678202609.5,0.18437412083333332,0.18437412083333332,0.1843727311625,0.1843488223625,2.3908275e-05,0.0,0.0,0.0,0.0,0.0,0.0,0.0
2023-03-07 15:24:00,1678202669.5,0.19091003750000002,0.19091003750000002,0.19090948300833332,0.19091534734166665,-5.8632875e-06,0.0,0.0,0.0,0.0,0.0,0.0,0.0
2023-03-07 15:25:00,1678202729.5,0.19471762916666666,0.19471762916666666,0.19471777631249998,0.19474181,-2.4033167916666667e-05,0.0,0.0,0.0,0.0,0.0,0.0,0.0
2023-03-07 15:26:00,1678202789.5,0.195128725,0.195128725,0.19513086174583333,0.19572009441666666,-0.0005892323333333333,0.0,0.0,0.0,0.0,0.0,0.0,0.0
2023-03-07 15:27:00,1678202849.5,0.14538794583333334,0.14538794583333334,0.14538675792916667,0.14453097861666667,0.0008557791666666666,0.0,0.0,0.0,0.0,0.0,0.0,0.0
2023-03-07 15:28:00,1678202909.5,0.16916630000000002,0.16916630000000002,0.1691627196625,0.1692009850375,-3.8265745833333346e-05,0.0,0.0,0.0,0.0,0.0,0.0,0.0
2023-03-07 15:29:00,1678202969.5,0.182232825,0.182232825,0.18223597238749997,0.182455466975,-0.00021949434583333336,0.0,0.0,0.0,0.0,0.0,0.0,0.0
2023-03-07 15:30:00,1678203029.5,0.18529266666666666,0.18529266666666666,0.1852937675375,0.18524682169999998,4.694646666666668e-05,0.0,0.0,0.0,0.0,0.0,0.0,0.0
2023-03-07 15:31:00,1678203089.5,0.185896025,0.185896025,0.1858955586,0.18602702876666666,-0.00013146960416666664,0.0,0.0,0.0,0.0,0.0,0.0,0.0
2023-03-07 15:32:00,1678203149.5,0.1827828125,0.1827828125,0.18278062615,0.18260349652083332,0.00017712952916666664,0.0,0.0,0.0,0.0,0.0,0.0,0.0
2023-03-07 15:33:00,1678203209.5,0.19548644583333333,0.19548644583333333,0.19548761532916667,0.1955591151625,-7.150037083333334e-05,0.0,0.0,0.0,0.0,0.0,0.0,0.0
2023-03-07 15:34:00,1678203269.5,0.20123727916666664,0.20123727916666664,0.20123753002500003,0.2013079243041667,-7.0393425e-05,0.0,0.0,0.0,0.0,0.0,0.0,0.0
2023-03-07 15:35:00,1678203329.5,0.19242124583333334,0.19242124583333334,0.1924220098,0.19202098935,0.0004010206666666667,0.0,0.0,0.0,0.0,0.0,0.0,0.0
2023-03-07 15:36:00,1678203389.5,0.20561072083333334,0.20561072083333334,0.20561076597083333,0.20587353178333334,-0.00026276544583333334,0.0,0.0,0.0,0.0,0.0,0.0,0.0
2023-03-07 15:37:00,1678203449.5,0.182606625,0.182606625,0.1826491036,0.17777489764999999,0.0048742059124999996,0.004166666666666667,0.004166666666666667,0.0006686998583333334,9.86304875e-05,0.0005208333333333333,0.0,0.0
2023-03-07 15:38:00,1678203509.5,0.278553025,0.278553025,0.2785094965,0.2828440201333333,-0.0043345233125000006,0.0,0.0,0.0,0.0,0.0,0.0,0.0
2023-03-07 15:39:00,1678203569.5,0.31193771249999996,0.31193771249999996,0.3119385288416667,0.31474542595,-0.0028068971083333332,0.004166666666666667,0.004166666666666667,0.0002123274791666667,0.0002424881375,0.009895833333333333,0.004166666666666667,0.0
2023-03-07 15:40:00,1678203629.5,0.25384022083333335,0.25384022083333335,0.2538402879291667,0.2533558458958333,0.0004844420499999999,0.0,0.0,0.0,0.0,0.0,0.004166666666666667,0.0
2023-03-07 15:41:00,1678203689.5,0.10288805416666666,0.10288805416666666,0.10288893835833333,0.10108429089583333,0.0018046470416666666,0.0,0.0,0.0,0.0,0.0,0.0,0.0
2023-03-07 15:42:00,1678203749.5,0.030084654166666665,0.030084654166666665,0.030083183904166665,0.029858072683333334,0.00022511171666666666,0.0,0.0,0.0,0.0,0.0,0.0,0.0
2023-03-07 15:43:00,1678203809.5,0.06845675833333333,0.06845675833333333,0.06845892085,0.06875727203333333,-0.00029835120000000004,0.0,0.0,0.0,0.0,0.0,0.0,0.0
2023-03-07 15:44:00,1678203869.5,0.11594407916666666,0.11594407916666666,0.11594291732499999,0.11692851180833334,-0.0009855944375,0.004166666666666667,0.004166666666666667,0.00037219381666666663,0.0006094646333333333,0.0020833333333333333,0.0,0.0
2023-03-07 15:45:00,1678203929.5,0.3117454458333333,0.3117454458333333,0.31174363262916666,0.31097600638749995,0.0007676261083333334,0.0,0.0,0.0,0.0,0.0,0.0,0.0
2023-03-07 15:46:00,1678203989.5,0.40876507916666666,0.40876507916666666,0.40876569300416665,0.4084073757,0.00035831797500000004,0.0,0.0,0.0,0.0,0.0,0.004166666666666667,0.07447916666666667
2023-03-07 15:47:00,1678204049.5,0.4479114166666667,0.4479114166666667,0.44791273411666666,0.44807432933749997,-0.00016159560833333333,0.0,0.0,0.0,0.0,0.0,0.0,0.0
2023-03-07 15:48:00,1678204109.5,0.40007181666666664,0.40007181666666664,0.4000712904125,0.3992467812375,0.0008245092708333333,0.0,0.0,0.0,0.0,0.0,0.0,0.0
2023-03-07 15:49:00,1678204169.5,0.44428568333333335,0.44428568333333335,0.4442846783416667,0.44640510304166664,-0.0021204247333333334,0.0,0.0,0.0,0.0,0.0,0.0,0.0
2023-03-07 15:50:00,1678204229.5,0.5371028958333334,0.5371028958333334,0.5371048459375001,0.5354824290458333,0.0016224170916666668,0.0,0.0,0.0,0.0,0.0,0.0,0.0
2023-03-07 15:51:00,1678204289.5,0.5879415041666667,0.5879415041666667,0.5879404577791667,0.5874754550583333,0.00046500275833333325,0.004166666666666667,0.004166666666666667,0.0016660052333333333,0.0017760348375,0.0015625,0.0,0.0
2023-03-07 15:52:00,1678204349.5,0.6023343416666667,0.6023343416666667,0.6024385910833333,0.5919953153416666,0.010442475808333332,0.004166666666666667,0.004166666666666667,0.0006245592291666667,0.0005301708458333333,0.016666666666666666,0.004166666666666667,0.0010416666666666667
2023-03-07 15:53:00,1678204409.5,0.2813803875,0.2813803875,0.2812614914916667,0.3080493924166667,-0.027833349025,0.05,0.04583333333333333,0.012755297370833333,0.018447935425,0.022916666666666665,0.029166666666666667,0.008438818565400843
2023-03-07 15:54:00,1678204451.628866,0.34481121649484536,0.34481121649484536,0.34483424808247426,0.32358910450515466,0.043789361154639175,0.05154639175257732,0.061855670103092786,0.020916078597938145,0.030434816773195875,0.03350515463917526,0.030927835051546393,0.0234375
