1678175505.000000, IBI
127.578125,0.625000
425.328125,0.343750
425.734375,0.406250
426.109375,0.375000
500.765625,0.390625
501.218750,0.453125
504.406250,0.390625
533.515625,0.390625
536.562500,0.359375
536.984375,0.421875
560.875000,0.328125
561.328125,0.453125
561.718750,0.390625
562.203125,0.484375
578.625000,0.359375
579.031250,0.406250
579.484375,0.453125
579.812500,0.328125
580.296875,0.484375
580.656250,0.359375
581.046875,0.390625
581.546875,0.500000
583.609375,0.453125
583.984375,0.375000
584.453125,0.468750
584.890625,0.437500
587.328125,0.468750
614.234375,0.359375
614.734375,0.500000
650.078125,0.406250
672.562500,0.359375
673.000000,0.437500
678.312500,0.531250
770.765625,0.421875
771.140625,0.375000
771.546875,0.406250
772.062500,0.515625
774.609375,0.453125
820.625000,0.515625
821.265625,0.640625
936.359375,0.656250
1111.187500,0.421875
1111.546875,0.359375
1220.968750,0.359375
1221.421875,0.453125
1230.906250,0.390625
1231.328125,0.421875
1236.062500,0.531250
1236.453125,0.390625
1238.687500,0.343750
1256.328125,0.703125
1268.453125,0.312500
1268.843750,0.390625
1269.203125,0.359375
1269.578125,0.375000
1269.921875,0.343750
1270.359375,0.437500
1270.718750,0.359375
1271.203125,0.484375
1275.421875,0.406250
1275.828125,0.406250
1276.234375,0.406250
1276.562500,0.328125
1282.671875,0.421875
1289.062500,0.406250
1289.421875,0.359375
1289.750000,0.328125
1290.140625,0.390625
1290.515625,0.375000
1290.968750,0.453125
1292.781250,0.328125
1330.203125,0.343750
1330.593750,0.390625
1330.921875,0.328125
1335.250000,0.406250
1335.578125,0.328125
1335.984375,0.406250
1336.328125,0.343750
1353.875000,0.359375
1354.343750,0.468750
1354.687500,0.343750
1355.046875,0.359375
1358.015625,0.406250
1375.343750,0.343750
1377.484375,0.375000
1377.921875,0.437500
1384.218750,0.750000
1385.078125,0.859375
1385.953125,0.875000
1395.640625,0.828125
1396.453125,0.812500
1397.203125,0.750000
1429.062500,0.718750
1429.812500,0.750000
1535.406250,0.687500
1536.359375,0.953125
1537.140625,0.781250
1577.406250,0.703125
1578.062500,0.656250
1578.593750,0.531250
1582.953125,0.703125
1583.656250,0.703125
1584.234375,0.578125
1615.203125,0.812500
1620.265625,0.812500
1621.062500,0.796875
1622.015625,0.953125
1628.421875,0.796875
1659.828125,0.703125
1660.671875,0.843750
1711.218750,0.421875
1711.609375,0.390625
1758.109375,0.515625
1761.640625,0.562500
1780.781250,0.359375
1781.140625,0.359375
1802.546875,0.390625
1802.906250,0.359375
1828.281250,0.468750
1828.703125,0.421875
1829.109375,0.406250
1829.578125,0.468750
1829.937500,0.359375
1830.421875,0.484375
1830.828125,0.406250
1833.125000,0.390625
1833.671875,0.546875
1870.203125,0.703125
1904.703125,0.625000
1905.546875,0.843750
1906.296875,0.750000
1906.953125,0.656250
1907.765625,0.812500
1908.484375,0.718750
1913.125000,0.734375
1913.859375,0.734375
1914.734375,0.875000
1915.453125,0.718750
1916.187500,0.734375
1916.875000,0.687500
1917.484375,0.609375
1918.203125,0.718750
1918.921875,0.718750
1928.625000,0.796875
1929.406250,0.781250
1930.187500,0.781250
1930.984375,0.796875
1931.828125,0.843750
1932.593750,0.765625
1933.359375,0.765625
1934.109375,0.750000
1934.906250,0.796875
1935.734375,0.828125
1936.500000,0.765625
1937.203125,0.703125
1937.984375,0.781250
1938.703125,0.718750
1939.375000,0.671875
1940.250000,0.875000
1941.000000,0.750000
1941.828125,0.828125
1942.656250,0.828125
1943.453125,0.796875
1944.281250,0.828125
1945.109375,0.828125
1945.906250,0.796875
1950.421875,0.734375
1951.218750,0.796875
1951.984375,0.765625
1952.812500,0.828125
1953.625000,0.812500
1954.453125,0.828125
1955.296875,0.843750
1956.109375,0.812500
1956.937500,0.828125
1957.687500,0.750000
1958.593750,0.906250
1959.390625,0.796875
1960.187500,0.796875
1960.968750,0.781250
1961.718750,0.750000
1962.515625,0.796875
1963.281250,0.765625
1964.031250,0.750000
1964.812500,0.781250
1965.546875,0.734375
1966.390625,0.843750
1967.171875,0.781250
1967.937500,0.765625
1968.625000,0.687500
1972.718750,0.812500
1973.468750,0.750000
1974.328125,0.859375
1974.984375,0.656250
1975.781250,0.796875
1976.421875,0.640625
1977.296875,0.875000
1978.031250,0.734375
1978.781250,0.750000
1979.468750,0.687500
1980.203125,0.734375
1980.953125,0.750000
1981.703125,0.750000
1982.437500,0.734375
1983.265625,0.828125
1984.078125,0.812500
1984.765625,0.687500
1985.703125,0.937500
1986.578125,0.875000
1987.359375,0.781250
1988.109375,0.750000
1988.921875,0.812500
1989.609375,0.687500
1990.437500,0.828125
1991.156250,0.718750
1991.984375,0.828125
1992.640625,0.656250
1993.468750,0.828125
1994.187500,0.718750
1994.984375,0.796875
1995.734375,0.750000
1996.468750,0.734375
1997.343750,0.875000
1998.140625,0.796875
1998.968750,0.828125
2003.531250,0.812500
2004.359375,0.828125
2005.187500,0.828125
2006.015625,0.828125
2006.859375,0.843750
2007.625000,0.765625
2008.453125,0.828125
2009.171875,0.718750
2010.062500,0.890625
2010.843750,0.781250
2011.609375,0.765625
2012.328125,0.718750
2013.062500,0.734375
2013.812500,0.750000
2014.578125,0.765625
2015.359375,0.781250
2016.140625,0.781250
2016.906250,0.765625
2017.640625,0.734375
2018.421875,0.781250
2019.171875,0.750000
2019.921875,0.750000
2020.703125,0.781250
2021.453125,0.750000
2022.203125,0.750000
2022.953125,0.750000
2023.734375,0.781250
2024.515625,0.781250
2025.328125,0.812500
2026.125000,0.796875
2026.921875,0.796875
2027.687500,0.765625
2028.406250,0.718750
2029.218750,0.812500
2029.968750,0.750000
2030.750000,0.781250
2031.546875,0.796875
2032.312500,0.765625
2032.968750,0.656250
2033.812500,0.843750
2034.546875,0.734375
2035.406250,0.859375
2036.171875,0.765625
2036.984375,0.812500
2037.781250,0.796875
2038.609375,0.828125
2039.296875,0.687500
2040.187500,0.890625
2041.031250,0.843750
2041.812500,0.781250
2042.640625,0.828125
2043.437500,0.796875
2044.343750,0.906250
2045.093750,0.750000
2046.031250,0.937500
2046.875000,0.843750
2047.671875,0.796875
2048.484375,0.812500
2049.250000,0.765625
2050.062500,0.812500
2054.625000,0.671875
2055.515625,0.890625
2056.296875,0.781250
2057.062500,0.765625
2057.859375,0.796875
2058.656250,0.796875
2059.453125,0.796875
2064.031250,0.703125
2064.890625,0.859375
2065.687500,0.796875
2066.468750,0.781250
2067.281250,0.812500
2068.031250,0.750000
2068.843750,0.812500
2069.656250,0.812500
2070.468750,0.812500
2071.281250,0.812500
2072.062500,0.781250
2072.875000,0.812500
2073.656250,0.781250
2074.421875,0.765625
2075.203125,0.781250
2075.968750,0.765625
2076.765625,0.796875
2077.515625,0.750000
2078.265625,0.750000
2079.062500,0.796875
2079.828125,0.765625
2080.625000,0.796875
2081.421875,0.796875
2082.250000,0.828125
2083.062500,0.812500
2083.843750,0.781250
2084.671875,0.828125
2085.468750,0.796875
2086.296875,0.828125
2086.968750,0.671875
2087.859375,0.890625
2088.640625,0.781250
2089.515625,0.875000
2090.281250,0.765625
2091.093750,0.812500
2091.875000,0.781250
2092.687500,0.812500
2093.484375,0.796875
2094.250000,0.765625
2095.062500,0.812500
2095.875000,0.812500
2096.687500,0.812500
2097.515625,0.828125
2098.390625,0.875000
2099.093750,0.703125
2100.031250,0.937500
2100.875000,0.843750
2101.687500,0.812500
2102.515625,0.828125
2107.281250,0.781250
2108.000000,0.718750
2108.750000,0.750000
2109.531250,0.781250
2110.453125,0.921875
2115.125000,0.843750
2115.859375,0.734375
2116.656250,0.796875
2117.484375,0.828125
2118.234375,0.750000
2123.687500,0.812500
2124.437500,0.750000
2125.062500,0.625000
2125.953125,0.890625
2126.718750,0.765625
2127.390625,0.671875
2134.453125,0.781250
2135.140625,0.687500
2135.937500,0.796875
2136.843750,0.906250
2137.515625,0.671875
2138.468750,0.953125
2139.265625,0.796875
2140.062500,0.796875
2140.890625,0.828125
2141.718750,0.828125
2142.578125,0.859375
2143.390625,0.812500
2144.203125,0.812500
2145.000000,0.796875
2145.718750,0.718750
2146.640625,0.921875
2147.296875,0.656250
2148.171875,0.875000
2149.093750,0.921875
2149.812500,0.718750
2150.718750,0.906250
2151.531250,0.812500
2152.218750,0.687500
2153.046875,0.828125
2153.843750,0.796875
2154.640625,0.796875
2155.390625,0.750000
2156.250000,0.859375
2209.593750,0.500000
2241.312500,0.796875
2284.328125,0.375000
2284.765625,0.437500
2292.390625,0.812500
2367.078125,0.359375
2409.109375,0.453125
2419.296875,0.328125
2422.093750,0.437500
2422.437500,0.343750
2422.875000,0.437500
2465.718750,0.656250
2468.593750,0.468750
2468.953125,0.359375
2469.468750,0.515625
2482.062500,0.375000
2482.390625,0.328125
2482.781250,0.390625
2483.265625,0.484375
2508.437500,0.390625
2508.781250,0.343750
2518.593750,0.671875
2521.218750,0.484375
2521.765625,0.546875
2549.015625,0.531250
2686.140625,0.656250
2690.890625,0.906250
2691.609375,0.718750
2704.437500,0.843750
2909.984375,0.500000
3112.718750,0.375000
3113.218750,0.500000
3113.656250,0.437500
3137.796875,0.531250
3166.984375,0.468750
3167.500000,0.515625
3245.750000,0.375000
3246.109375,0.359375
3246.593750,0.484375
3281.734375,0.843750
3282.531250,0.796875
3283.343750,0.812500
3336.546875,0.531250
3367.890625,0.921875
3368.703125,0.812500
3369.515625,0.812500
3370.484375,0.968750
3371.187500,0.703125
3377.812500,0.718750
3385.187500,0.718750
3386.046875,0.859375
3386.765625,0.718750
3400.593750,0.750000
3415.609375,0.890625
3435.953125,0.765625
3436.859375,0.906250
3437.515625,0.656250
3438.390625,0.875000
3439.093750,0.703125
3459.328125,0.796875
3482.453125,0.765625
3483.281250,0.828125
3484.015625,0.734375
3484.671875,0.656250
3485.593750,0.921875
3489.640625,0.859375
3518.468750,0.812500
3526.500000,0.906250
3527.156250,0.656250
3528.062500,0.906250
3528.859375,0.796875
3598.015625,0.406250
3598.421875,0.406250
3598.812500,0.390625
3599.203125,0.390625
3721.218750,0.765625
3721.796875,0.578125
3775.859375,0.671875
3792.390625,0.343750
3792.750000,0.359375
3793.109375,0.359375
3793.468750,0.359375
3904.812500,0.406250
3905.218750,0.406250
3905.546875,0.328125
3937.812500,0.421875
3942.718750,0.406250
3943.093750,0.375000
3943.500000,0.406250
3943.921875,0.421875
3944.312500,0.390625
3944.656250,0.343750
3984.093750,0.437500
3984.578125,0.484375
3985.109375,0.531250
3985.609375,0.500000
3987.781250,0.343750
4066.187500,0.531250
4077.078125,0.359375
4105.703125,0.484375
4115.390625,0.531250
4131.000000,0.500000
4145.531250,0.515625
4149.890625,0.515625
4150.421875,0.531250
4150.906250,0.484375
4163.453125,0.484375
4359.359375,0.500000
4456.093750,0.406250
4523.250000,0.468750
4582.640625,0.359375
4628.984375,0.343750
4629.437500,0.453125
4662.312500,0.453125
4662.734375,0.421875
4663.109375,0.375000
4666.640625,0.375000
4667.046875,0.406250
4667.484375,0.437500
4667.875000,0.390625
4668.265625,0.390625
4668.750000,0.484375
4669.125000,0.375000
4669.468750,0.343750
4669.875000,0.406250
4670.312500,0.437500
4670.828125,0.515625
4671.187500,0.359375
4671.625000,0.437500
4671.968750,0.343750
4672.343750,0.375000
4672.812500,0.468750
4673.250000,0.437500
4673.765625,0.515625
4674.171875,0.406250
4676.203125,0.453125
4676.593750,0.390625
4677.046875,0.453125
4677.515625,0.468750
4677.906250,0.390625
4695.625000,0.421875
4696.000000,0.375000
4702.312500,0.468750
4702.703125,0.390625
4703.109375,0.406250
4714.156250,0.500000
4714.625000,0.468750
4769.609375,0.359375
4770.046875,0.437500
4770.406250,0.359375
4770.734375,0.328125
4805.718750,0.546875
4884.562500,0.687500
4885.453125,0.890625
4886.156250,0.703125
4915.078125,0.859375
4918.812500,0.781250
4929.546875,0.609375
4950.968750,0.687500
4963.093750,0.906250
4963.843750,0.750000
4964.656250,0.812500
4965.468750,0.812500
4966.203125,0.734375
4966.843750,0.640625
5062.734375,0.484375
5355.062500,0.453125
5355.531250,0.468750
5355.953125,0.421875
5402.812500,0.437500
5403.265625,0.453125
5403.703125,0.437500
5488.484375,0.375000
5488.890625,0.406250
5489.265625,0.375000
5489.625000,0.359375
5490.031250,0.406250
5490.421875,0.390625
5490.828125,0.406250
5491.218750,0.390625
5491.562500,0.343750
5491.968750,0.406250
5492.343750,0.375000
5492.671875,0.328125
5493.031250,0.359375
5493.453125,0.421875
5631.593750,0.812500
5804.359375,0.468750
5804.796875,0.437500
7879.640625,0.468750
7880.187500,0.546875
8031.593750,0.437500
8074.750000,0.421875
8075.078125,0.328125
8075.468750,0.390625
8075.843750,0.375000
8134.812500,0.406250
8135.156250,0.343750
8135.546875,0.390625
8135.906250,0.359375
8136.265625,0.359375
8218.734375,0.953125
8236.484375,0.671875
8243.937500,0.906250
8294.843750,0.515625
8346.296875,0.375000
8346.718750,0.421875
8373.296875,0.406250
8373.609375,0.312500
8390.468750,0.328125
8390.812500,0.343750
8391.203125,0.390625
8391.671875,0.468750
8399.312500,0.375000
8399.734375,0.421875
8400.171875,0.437500
8520.734375,0.812500
8650.421875,0.968750
8660.156250,0.562500
8884.703125,0.375000
8952.125000,0.343750
9005.390625,0.375000
9005.750000,0.359375
9006.125000,0.375000
9006.500000,0.375000
9168.828125,0.546875
9169.375000,0.546875
9169.812500,0.437500
9280.640625,0.406250
9281.140625,0.500000
9281.546875,0.406250
9282.062500,0.515625
9282.562500,0.500000
9283.015625,0.453125
9283.500000,0.484375
9606.921875,0.546875
9607.421875,0.500000
10196.296875,0.312500
10196.703125,0.406250
10197.062500,0.359375
10197.406250,0.343750
10197.750000,0.343750
10198.140625,0.390625
10198.484375,0.343750
10213.687500,0.390625
10214.156250,0.468750
10326.703125,0.703125
10577.359375,0.578125
10735.984375,0.765625
10976.906250,0.656250
10980.671875,0.593750
11134.093750,0.765625
11134.843750,0.750000
11368.437500,0.531250
11369.093750,0.656250
11387.875000,0.703125
11388.531250,0.656250
11399.546875,0.515625
11437.781250,0.546875
11438.546875,0.765625
11439.203125,0.656250
11439.875000,0.671875
11440.593750,0.718750
11441.218750,0.625000
11441.890625,0.671875
11442.656250,0.765625
11460.703125,0.453125
11461.140625,0.437500
11461.656250,0.515625
11462.125000,0.468750
11462.593750,0.468750
11473.093750,0.484375
11478.453125,0.468750
11478.968750,0.515625
11479.437500,0.468750
11479.937500,0.500000
11480.437500,0.500000
11480.906250,0.468750
11481.359375,0.453125
11481.859375,0.500000
11482.312500,0.453125
11482.781250,0.468750
11483.187500,0.406250
11483.640625,0.453125
11484.093750,0.453125
11484.500000,0.406250
11485.015625,0.515625
11485.468750,0.453125
11485.953125,0.484375
11486.375000,0.421875
11486.812500,0.437500
11489.171875,0.406250
11489.625000,0.453125
11490.078125,0.453125
11490.531250,0.453125
11490.984375,0.453125
11491.437500,0.453125
11491.921875,0.484375
11492.406250,0.484375
11492.812500,0.406250
11493.281250,0.468750
11493.718750,0.437500
11494.203125,0.484375
11494.734375,0.531250
11495.156250,0.421875
11495.671875,0.515625
11497.796875,0.453125
11498.218750,0.421875
11498.609375,0.390625
11499.000000,0.390625
11499.375000,0.375000
11608.578125,0.546875
11616.640625,0.390625
11617.000000,0.359375
11617.421875,0.421875
11617.828125,0.406250
11618.312500,0.484375
11618.703125,0.390625
11619.109375,0.406250
11619.625000,0.515625
11620.031250,0.406250
11624.609375,0.390625
11624.984375,0.375000
11625.406250,0.421875
11643.125000,0.328125
11643.515625,0.390625
11643.875000,0.359375
11644.265625,0.390625
11644.593750,0.328125
11658.687500,0.312500
11659.062500,0.375000
11667.187500,0.437500
11667.593750,0.406250
11681.671875,0.390625
11682.062500,0.390625
11682.578125,0.515625
11682.953125,0.375000
11683.312500,0.359375
11683.671875,0.359375
11684.000000,0.328125
11684.312500,0.312500
11888.890625,0.468750
11889.265625,0.375000
11889.640625,0.375000
12000.234375,0.406250
12000.718750,0.484375
12001.125000,0.406250
12033.078125,0.453125
12033.515625,0.437500
12033.875000,0.359375
12165.734375,0.593750
12179.031250,0.703125
12200.375000,0.437500
12208.203125,0.437500
12218.062500,0.656250
12274.031250,0.546875
12450.062500,0.671875
12450.781250,0.718750
12836.953125,0.515625
12855.984375,0.375000
12856.421875,0.437500
12856.812500,0.390625
12864.765625,0.687500
12873.531250,0.906250
13751.921875,0.421875
14119.562500,0.781250
14120.484375,0.921875
14312.015625,0.687500
14312.718750,0.703125
14313.484375,0.765625
14314.250000,0.765625
14315.000000,0.750000
14320.234375,0.593750
14388.781250,0.859375
14389.859375,1.078125
14390.890625,1.031250
14532.812500,0.750000
16704.484375,0.437500
16704.906250,0.421875
16705.453125,0.546875
16705.875000,0.421875
16762.375000,0.625000
16785.093750,0.437500
16804.453125,0.390625
16812.734375,0.437500
16936.640625,0.343750
16937.000000,0.359375
16937.343750,0.343750
17182.359375,0.328125
17182.718750,0.359375
17192.875000,0.718750
17196.515625,0.734375
17197.250000,0.734375
17197.984375,0.734375
17198.718750,0.734375
17199.453125,0.734375
17200.343750,0.890625
17203.750000,0.656250
17204.437500,0.687500
17205.125000,0.687500
17230.281250,0.625000
17231.031250,0.750000
17231.656250,0.625000
17236.453125,0.750000
17237.015625,0.562500
17237.562500,0.546875
17240.953125,0.562500
17246.609375,0.375000
17293.828125,0.765625
17294.500000,0.671875
17295.250000,0.750000
17295.984375,0.734375
17296.687500,0.703125
17355.109375,0.390625
17375.750000,0.687500
17376.484375,0.734375
17377.171875,0.687500
17377.843750,0.671875
17378.515625,0.671875
17379.187500,0.671875
17379.843750,0.656250
17380.671875,0.828125
17381.250000,0.578125
17391.171875,0.703125
17392.000000,0.828125
17395.484375,0.812500
17396.125000,0.640625
17396.828125,0.703125
17397.453125,0.625000
17408.375000,0.562500
17408.843750,0.468750
17414.312500,0.656250
17420.218750,0.703125
17420.921875,0.703125
17421.562500,0.640625
17422.156250,0.593750
17422.843750,0.687500
17423.500000,0.656250
17424.171875,0.671875
17424.843750,0.671875
17425.625000,0.781250
17426.265625,0.640625
17455.718750,0.546875
17459.296875,0.687500
17460.000000,0.703125
17460.671875,0.671875
17461.343750,0.671875
17462.062500,0.718750
17462.734375,0.671875
17463.437500,0.703125
17464.109375,0.671875
17464.765625,0.656250
17465.500000,0.734375
17466.187500,0.687500
17466.906250,0.718750
17467.593750,0.687500
17471.031250,0.687500
17476.703125,0.718750
17477.437500,0.734375
17478.140625,0.703125
17478.812500,0.671875
17479.468750,0.656250
17485.171875,0.687500
17485.796875,0.625000
17486.515625,0.718750
17487.312500,0.796875
17487.921875,0.609375
17488.750000,0.828125
17489.484375,0.734375
17490.078125,0.593750
17490.843750,0.765625
17491.593750,0.750000
17492.171875,0.578125
17492.859375,0.687500
17493.593750,0.734375
17494.250000,0.656250
17495.062500,0.812500
17495.703125,0.640625
17496.390625,0.687500
17497.109375,0.718750
17502.000000,0.593750
17510.031250,0.781250
17510.718750,0.687500
17527.484375,0.687500
17528.125000,0.640625
17528.812500,0.687500
17529.484375,0.671875
17530.093750,0.609375
17530.843750,0.750000
17531.531250,0.687500
17532.203125,0.671875
17532.828125,0.625000
17533.421875,0.593750
17565.437500,0.593750
17571.875000,0.703125
17572.562500,0.687500
17573.281250,0.718750
17606.578125,0.343750
17644.906250,0.328125
17645.343750,0.437500
17660.718750,0.640625
17661.328125,0.609375
17673.703125,0.703125
17678.578125,0.609375
17679.390625,0.812500
17690.625000,0.828125
17691.328125,0.703125
17724.796875,0.765625
17733.000000,0.656250
17733.750000,0.750000
17734.343750,0.593750
17735.046875,0.703125
17735.718750,0.671875
17736.546875,0.828125
17789.437500,0.859375
17802.812500,0.750000
17803.562500,0.750000
17804.546875,0.984375
17808.031250,0.734375
17808.718750,0.687500
17809.453125,0.734375
17810.343750,0.890625
17816.625000,0.718750
17817.343750,0.718750
17820.890625,0.703125
17821.593750,0.703125
17822.312500,0.718750
17822.968750,0.656250
17823.640625,0.671875
17824.359375,0.718750
17825.062500,0.703125
17825.890625,0.828125
17848.171875,0.750000
17848.781250,0.609375
17849.656250,0.875000
17850.375000,0.718750
17854.562500,0.718750
17894.328125,0.812500
17917.171875,0.703125
17977.906250,0.640625
17978.593750,0.687500
17979.296875,0.703125
17980.000000,0.703125
17980.718750,0.718750
17981.453125,0.734375
17982.359375,0.906250
17983.078125,0.718750
17983.796875,0.718750
17984.515625,0.718750
17985.218750,0.703125
17985.984375,0.765625
17986.671875,0.687500
17987.390625,0.718750
17988.125000,0.734375
17988.843750,0.718750
17989.578125,0.734375
17990.281250,0.703125
17991.015625,0.734375
17991.734375,0.718750
17992.453125,0.718750
17993.171875,0.718750
17993.843750,0.671875
17994.625000,0.781250
17995.343750,0.718750
17996.078125,0.734375
17996.812500,0.734375
17997.531250,0.718750
17998.250000,0.718750
17998.937500,0.687500
17999.640625,0.703125
18000.312500,0.671875
18001.000000,0.687500
18001.671875,0.671875
18002.343750,0.671875
18003.015625,0.671875
18003.687500,0.671875
18004.375000,0.687500
18007.718750,0.656250
18008.375000,0.656250
18009.062500,0.687500
18009.734375,0.671875
18010.421875,0.687500
18011.093750,0.671875
18011.781250,0.687500
18012.468750,0.687500
18013.156250,0.687500
18013.828125,0.671875
18014.515625,0.687500
18015.218750,0.703125
18015.906250,0.687500
18016.593750,0.687500
18017.281250,0.687500
18017.984375,0.703125
18018.671875,0.687500
18019.343750,0.671875
18020.031250,0.687500
18020.703125,0.671875
18021.359375,0.656250
18022.031250,0.671875
18022.703125,0.671875
18023.359375,0.656250
18024.031250,0.671875
18024.703125,0.671875
18025.375000,0.671875
18026.046875,0.671875
18026.718750,0.671875
18027.375000,0.656250
18028.062500,0.687500
18028.734375,0.671875
18029.406250,0.671875
18030.078125,0.671875
18033.296875,0.640625
18033.937500,0.640625
18034.562500,0.625000
18035.203125,0.640625
18035.843750,0.640625
18036.500000,0.656250
18037.156250,0.656250
18037.796875,0.640625
18038.468750,0.671875
18039.125000,0.656250
18039.765625,0.640625
18040.453125,0.687500
18041.109375,0.656250
18041.796875,0.687500
18042.468750,0.671875
18043.156250,0.687500
18043.843750,0.687500
18044.531250,0.687500
18045.218750,0.687500
18045.937500,0.718750
18046.625000,0.687500
18047.312500,0.687500
18048.015625,0.703125
18048.687500,0.671875
18049.406250,0.718750
18050.093750,0.687500
18050.781250,0.687500
18051.484375,0.703125
18052.203125,0.718750
18052.906250,0.703125
18053.625000,0.718750
18054.343750,0.718750
18055.062500,0.718750
18055.781250,0.718750
18056.484375,0.703125
18057.187500,0.703125
18057.890625,0.703125
18058.593750,0.703125
18059.296875,0.703125
18060.046875,0.750000
18060.765625,0.718750
18061.484375,0.718750
18062.203125,0.718750
18062.937500,0.734375
18063.671875,0.734375
18064.375000,0.703125
18065.109375,0.734375
18065.812500,0.703125
18066.515625,0.703125
18067.203125,0.687500
18067.875000,0.671875
18068.578125,0.703125
18069.281250,0.703125
18069.984375,0.703125
18070.687500,0.703125
18071.406250,0.718750
18072.125000,0.718750
18072.859375,0.734375
18073.578125,0.718750
18074.296875,0.718750
18075.015625,0.718750
18075.718750,0.703125
18076.406250,0.687500
18077.109375,0.703125
18077.781250,0.671875
18078.453125,0.671875
18079.125000,0.671875
18079.796875,0.671875
18080.453125,0.656250
18081.125000,0.671875
18081.796875,0.671875
18082.468750,0.671875
18083.140625,0.671875
18083.843750,0.703125
18084.546875,0.703125
18085.234375,0.687500
18085.921875,0.687500
18086.625000,0.703125
18087.328125,0.703125
18088.046875,0.718750
18088.765625,0.718750
18089.484375,0.718750
18090.187500,0.703125
18090.890625,0.703125
18091.625000,0.734375
18092.328125,0.703125
18093.000000,0.671875
18093.671875,0.671875
18094.312500,0.640625
18094.984375,0.671875
18156.953125,0.734375
18157.671875,0.718750
18158.421875,0.750000
18159.125000,0.703125
18159.859375,0.734375
18160.562500,0.703125
18164.000000,0.343750
18164.328125,0.328125
18164.703125,0.375000
18165.031250,0.328125
18165.375000,0.343750
18165.703125,0.328125
18166.031250,0.328125
18166.390625,0.359375
18166.796875,0.406250
18167.109375,0.312500
18167.453125,0.343750
18183.062500,0.734375
18183.781250,0.718750
18184.531250,0.750000
18207.078125,0.671875
18207.781250,0.703125
18208.468750,0.687500
18209.156250,0.687500
18209.843750,0.687500
18210.515625,0.671875
18211.203125,0.687500
18211.890625,0.687500
18212.578125,0.687500
18213.312500,0.734375
18213.859375,0.546875
18221.984375,0.312500
18232.687500,0.343750
18233.015625,0.328125
18233.359375,0.343750
18233.687500,0.328125
18234.015625,0.328125
18239.109375,0.359375
18241.531250,0.359375
18241.859375,0.328125
18242.218750,0.359375
18242.546875,0.328125
18242.875000,0.328125
18243.265625,0.390625
18247.046875,0.343750
18247.390625,0.343750
18258.218750,0.312500
18258.562500,0.343750
18264.828125,0.343750
18265.140625,0.312500
18265.484375,0.343750
18265.843750,0.359375
18266.156250,0.312500
18268.562500,0.328125
18268.921875,0.359375
18269.250000,0.328125
18269.593750,0.343750
18269.953125,0.359375
18270.281250,0.328125
18270.640625,0.359375
18270.984375,0.343750
18271.328125,0.343750
18271.656250,0.328125
18272.000000,0.343750
18272.312500,0.312500
18280.375000,0.671875
18281.093750,0.718750
18281.718750,0.625000
18294.250000,0.359375
18297.000000,0.328125
18300.421875,0.328125
18300.734375,0.312500
18303.140625,0.375000
18303.453125,0.312500
18310.031250,0.359375
18310.343750,0.312500
18310.703125,0.359375
18311.031250,0.328125
18311.375000,0.343750
18314.859375,0.656250
18315.578125,0.718750
18342.109375,0.343750
18342.484375,0.375000
18342.843750,0.359375
18354.781250,0.328125
18355.156250,0.375000
18355.500000,0.343750
18355.875000,0.375000
18356.187500,0.312500
18361.515625,0.343750
18361.906250,0.390625
18362.250000,0.343750
18362.625000,0.375000
18362.968750,0.343750
18363.312500,0.343750
18363.671875,0.359375
18364.031250,0.359375
18364.390625,0.359375
18364.750000,0.359375
18365.109375,0.359375
18365.484375,0.375000
18365.843750,0.359375
18366.218750,0.375000
18366.578125,0.359375
18366.937500,0.359375
18367.281250,0.343750
18367.640625,0.359375
18368.000000,0.359375
18368.359375,0.359375
18368.703125,0.343750
18369.046875,0.343750
18369.375000,0.328125
18369.734375,0.359375
18370.093750,0.359375
18370.453125,0.359375
18370.796875,0.343750
18371.156250,0.359375
18371.515625,0.359375
18371.890625,0.375000
18372.250000,0.359375
18372.609375,0.359375
18372.968750,0.359375
18373.312500,0.343750
18373.687500,0.375000
18374.031250,0.343750
18374.390625,0.359375
18374.750000,0.359375
18375.109375,0.359375
18375.453125,0.343750
18375.828125,0.375000
18376.156250,0.328125
18376.562500,0.406250
18376.890625,0.328125
18377.265625,0.375000
18377.625000,0.359375
18377.984375,0.359375
18378.343750,0.359375
18378.718750,0.375000
18379.062500,0.343750
18379.468750,0.406250
18379.781250,0.312500
18380.140625,0.359375
18380.515625,0.375000
18380.859375,0.343750
18381.203125,0.343750
18381.562500,0.359375
18381.937500,0.375000
18382.328125,0.390625
18382.687500,0.359375
18383.046875,0.359375
18383.390625,0.343750
18383.750000,0.359375
18384.078125,0.328125
18384.437500,0.359375
18389.421875,0.343750
18389.796875,0.375000
18397.859375,0.359375
18401.843750,0.328125
18402.203125,0.359375
18402.546875,0.343750
18402.875000,0.328125
18403.218750,0.343750
18403.578125,0.359375
18406.078125,0.375000
18406.437500,0.359375
18409.343750,0.375000
18409.718750,0.375000
18410.062500,0.343750
18410.421875,0.359375
18410.765625,0.343750
18411.125000,0.359375
18411.468750,0.343750
18411.828125,0.359375
18412.203125,0.375000
18412.562500,0.359375
18412.937500,0.375000
18413.281250,0.343750
18413.640625,0.359375
18417.531250,0.343750
18417.890625,0.359375
18418.250000,0.359375
18418.593750,0.343750
18418.984375,0.390625
18430.171875,0.375000
18440.796875,0.343750
18441.156250,0.359375
18441.515625,0.359375
18441.875000,0.359375
18442.250000,0.375000
18442.625000,0.375000
18442.984375,0.359375
18443.343750,0.359375
18443.703125,0.359375
18444.062500,0.359375
18444.421875,0.359375
18444.781250,0.359375
18445.140625,0.359375
18445.531250,0.390625
18445.859375,0.328125
18446.250000,0.390625
18446.578125,0.328125
18446.937500,0.359375
18447.281250,0.343750
18447.625000,0.343750
18447.937500,0.312500
18448.281250,0.343750
18448.687500,0.406250
18451.609375,0.359375
18451.968750,0.359375
18452.312500,0.343750
18452.671875,0.359375
18453.000000,0.328125
18456.703125,0.343750
18457.093750,0.390625
18474.218750,0.375000
18482.640625,0.718750
18485.828125,0.359375
18486.187500,0.359375
18486.546875,0.359375
18486.906250,0.359375
18487.250000,0.343750
18487.593750,0.343750
18487.968750,0.375000
18488.281250,0.312500
18488.656250,0.375000
18491.484375,0.343750
18547.734375,0.328125
18548.062500,0.328125
18551.703125,0.671875
18552.406250,0.703125
18553.062500,0.656250
18565.328125,0.718750
18566.031250,0.703125
18566.765625,0.734375
18567.484375,0.718750
18568.218750,0.734375
18568.968750,0.750000
18569.671875,0.703125
18570.359375,0.687500
18579.000000,0.687500
18579.703125,0.703125
18580.406250,0.703125
18581.125000,0.718750
18581.828125,0.703125
18582.531250,0.703125
18583.218750,0.687500
18583.906250,0.687500
18584.578125,0.671875
18585.281250,0.703125
18603.687500,0.703125
18604.390625,0.703125
18605.109375,0.718750
18605.812500,0.703125
18606.515625,0.703125
18607.218750,0.703125
18607.921875,0.703125
18608.625000,0.703125
18614.984375,0.375000
18615.312500,0.328125
18615.671875,0.359375
18615.984375,0.312500
18616.343750,0.359375
18616.671875,0.328125
18617.015625,0.343750
18617.359375,0.343750
18617.671875,0.312500
18618.031250,0.359375
18618.359375,0.328125
18618.703125,0.343750
18619.046875,0.343750
18624.031250,0.328125
18624.406250,0.375000
18624.734375,0.328125
18625.093750,0.359375
18625.437500,0.343750
18625.812500,0.375000
18626.156250,0.343750
18626.515625,0.359375
18626.875000,0.359375
18627.218750,0.343750
18627.578125,0.359375
18627.906250,0.328125
18628.250000,0.343750
18628.609375,0.359375
18628.968750,0.359375
18633.515625,0.343750
18633.859375,0.343750
18634.218750,0.359375
18634.562500,0.343750
18634.890625,0.328125
18635.234375,0.343750
18635.562500,0.328125
18635.984375,0.421875
18639.515625,0.718750
18643.656250,0.687500
18644.359375,0.703125
18645.046875,0.687500
18645.750000,0.703125
18653.578125,0.703125
18659.937500,0.765625
18660.687500,0.750000
18661.375000,0.687500
18662.015625,0.640625
18662.640625,0.625000
18673.765625,0.703125
18674.515625,0.750000
18675.218750,0.703125
18675.921875,0.703125
18676.609375,0.687500
18677.296875,0.687500
18681.437500,0.656250
18682.125000,0.687500
18682.828125,0.703125
18683.625000,0.796875
18684.281250,0.656250
18684.968750,0.687500
18687.015625,0.359375
18687.328125,0.312500
18687.703125,0.375000
18688.031250,0.328125
18688.359375,0.328125
18688.750000,0.390625
18689.109375,0.359375
18698.312500,0.625000
18698.953125,0.640625
18699.593750,0.640625
18700.203125,0.609375
18700.859375,0.656250
18701.515625,0.656250
18702.171875,0.656250
18727.218750,0.703125
18727.765625,0.546875
18728.531250,0.765625
18729.265625,0.734375
18737.734375,0.578125
18738.484375,0.750000
18739.171875,0.687500
18744.171875,0.687500
18744.937500,0.765625
18745.640625,0.703125
18746.343750,0.703125
18747.031250,0.687500
18747.781250,0.750000
18748.468750,0.687500
18749.140625,0.671875
18749.843750,0.703125
18750.531250,0.687500
18751.234375,0.703125
18751.937500,0.703125
18752.671875,0.734375
18753.375000,0.703125
18777.953125,0.687500
18778.703125,0.750000
18779.437500,0.734375
18780.140625,0.703125
18780.859375,0.718750
18785.375000,0.671875
18786.046875,0.671875
18786.906250,0.859375
18787.687500,0.781250
18788.421875,0.734375
18789.171875,0.750000
18793.515625,0.671875
18794.171875,0.656250
18803.609375,0.687500
18804.234375,0.625000
18833.921875,0.687500
18834.515625,0.593750
18856.375000,0.734375
18859.406250,0.625000
18860.265625,0.859375
18861.015625,0.750000
18861.750000,0.734375
18862.453125,0.703125
18863.203125,0.750000
18863.953125,0.750000
18864.687500,0.734375
18865.421875,0.734375
18866.156250,0.734375
18885.203125,0.718750
18886.125000,0.921875
18893.218750,0.718750
18917.093750,0.687500
18917.765625,0.671875
18918.312500,0.546875
18918.859375,0.546875
18935.265625,0.562500
18952.296875,0.406250
18952.703125,0.406250
18970.562500,0.843750
18989.500000,0.703125
19009.796875,0.671875
19035.593750,0.859375
19057.578125,0.734375
19067.437500,0.656250
19091.265625,0.625000
19092.000000,0.734375
19099.984375,0.671875
19100.640625,0.656250
19167.859375,0.578125
19168.453125,0.593750
19169.046875,0.593750
19169.671875,0.625000
19170.265625,0.593750
19170.859375,0.593750
19171.343750,0.484375
19175.000000,0.781250
19175.687500,0.687500
19176.390625,0.703125
19177.109375,0.718750
19177.765625,0.656250
19178.437500,0.671875
19179.109375,0.671875
19179.765625,0.656250
19180.343750,0.578125
19180.984375,0.640625
19181.484375,0.500000
19182.078125,0.593750
19185.828125,0.671875
19190.031250,0.625000
19190.796875,0.765625
19191.406250,0.609375
19191.968750,0.562500
19192.578125,0.609375
19193.171875,0.593750
19193.671875,0.500000
19200.718750,0.734375
19201.453125,0.734375
19202.078125,0.625000
19205.921875,0.750000
19206.671875,0.750000
19207.343750,0.671875
19208.156250,0.812500
19208.890625,0.734375
19209.609375,0.718750
19210.359375,0.750000
19211.062500,0.703125
19211.843750,0.781250
19212.609375,0.765625
19213.296875,0.687500
19214.078125,0.781250
19214.703125,0.625000
19215.343750,0.640625
19216.000000,0.656250
19230.828125,0.703125
19231.546875,0.718750
19232.203125,0.656250
19232.921875,0.718750
19233.593750,0.671875
19234.328125,0.734375
19235.046875,0.718750
19235.781250,0.734375
19236.531250,0.750000
19237.250000,0.718750
19238.015625,0.765625
19238.750000,0.734375
19239.484375,0.734375
19240.218750,0.734375
19240.921875,0.703125
19241.609375,0.687500
19242.343750,0.734375
19243.062500,0.718750
19243.781250,0.718750
19244.484375,0.703125
19245.187500,0.703125
19245.906250,0.718750
19246.656250,0.750000
19247.359375,0.703125
19248.093750,0.734375
19248.843750,0.750000
19249.578125,0.734375
19250.296875,0.718750
19251.015625,0.718750
19251.750000,0.734375
19252.453125,0.703125
19253.171875,0.718750
19253.875000,0.703125
19254.578125,0.703125
19255.281250,0.703125
19255.984375,0.703125
19256.703125,0.718750
19257.437500,0.734375
19258.156250,0.718750
19258.859375,0.703125
19259.593750,0.734375
19260.312500,0.718750
19261.046875,0.734375
19261.765625,0.718750
19262.468750,0.703125
19263.062500,0.593750
19269.656250,0.640625
19270.171875,0.515625
19274.234375,0.718750
19274.953125,0.718750
19275.656250,0.703125
19276.421875,0.765625
19277.140625,0.718750
19277.875000,0.734375
19278.609375,0.734375
19279.296875,0.687500
19280.093750,0.796875
19280.843750,0.750000
19281.593750,0.750000
19282.328125,0.734375
19283.093750,0.765625
19283.843750,0.750000
19284.593750,0.750000
19285.343750,0.750000
19286.078125,0.734375
19286.812500,0.734375
19287.546875,0.734375
19292.062500,0.765625
19292.859375,0.796875
19293.640625,0.781250
19294.375000,0.734375
19295.140625,0.765625
19295.859375,0.718750
19296.640625,0.781250
19297.359375,0.718750
19298.109375,0.750000
19298.843750,0.734375
19299.562500,0.718750
19300.359375,0.796875
19301.093750,0.734375
19301.828125,0.734375
19302.546875,0.718750
19303.312500,0.765625
19308.671875,0.750000
19309.375000,0.703125
19310.125000,0.750000
19310.859375,0.734375
19314.578125,0.734375
19321.281250,0.734375
19322.015625,0.734375
19322.734375,0.718750
19323.437500,0.703125
19324.218750,0.781250
19324.937500,0.718750
19325.671875,0.734375
19326.406250,0.734375
19327.125000,0.718750
19327.859375,0.734375
19328.609375,0.750000
19329.328125,0.718750
19330.078125,0.750000
19330.843750,0.765625
19331.546875,0.703125
19332.328125,0.781250
19333.062500,0.734375
19333.796875,0.734375
19334.515625,0.718750
19335.234375,0.718750
19335.968750,0.734375
19336.671875,0.703125
19337.390625,0.718750
19338.093750,0.703125
19338.828125,0.734375
19339.562500,0.734375
19340.296875,0.734375
19341.078125,0.781250
19341.843750,0.765625
19342.437500,0.593750
19348.750000,0.734375
19354.000000,0.734375
19354.796875,0.796875
19355.578125,0.781250
19356.359375,0.781250
19357.000000,0.640625
19368.531250,0.765625
19369.281250,0.750000
19369.968750,0.687500
19370.734375,0.765625
19371.546875,0.812500
19372.343750,0.796875
19381.671875,0.765625
19382.453125,0.781250
19383.109375,0.656250
19384.031250,0.921875
19384.812500,0.781250
19385.593750,0.781250
19386.375000,0.781250
19387.187500,0.812500
19387.843750,0.656250
19388.640625,0.796875
19389.546875,0.906250
19390.328125,0.781250
19396.343750,0.750000
19397.265625,0.921875
19397.921875,0.656250
19398.812500,0.890625
19401.828125,0.812500
19402.640625,0.812500
19403.375000,0.734375
19404.015625,0.640625
19404.734375,0.718750
19405.578125,0.843750
19406.281250,0.703125
19406.984375,0.703125
19407.734375,0.750000
19408.328125,0.593750
19409.046875,0.718750
19409.859375,0.812500
19410.609375,0.750000
19420.031250,0.734375
19420.625000,0.593750
19421.437500,0.812500
19422.171875,0.734375
19422.890625,0.718750
19423.609375,0.718750
19424.312500,0.703125
19425.078125,0.765625
19426.000000,0.921875
19426.781250,0.781250
19427.593750,0.812500
19428.406250,0.812500
19429.250000,0.843750
19440.937500,0.843750
19441.750000,0.812500
19442.562500,0.812500
19443.250000,0.687500
19444.125000,0.875000
19444.906250,0.781250
19449.578125,0.921875
19450.359375,0.781250
19451.140625,0.781250
19451.937500,0.796875
19452.593750,0.656250
19453.531250,0.937500
19454.312500,0.781250
19455.078125,0.765625
19455.828125,0.750000
19466.609375,0.640625
19482.078125,0.781250
19482.890625,0.812500
19483.656250,0.765625
19484.437500,0.781250
19485.203125,0.765625
19485.968750,0.765625
19486.750000,0.781250
19487.515625,0.765625
19488.312500,0.796875
19489.078125,0.765625
19489.843750,0.765625
19490.609375,0.765625
19491.375000,0.765625
19492.156250,0.781250
19492.921875,0.765625
19497.750000,0.781250
19498.531250,0.781250
19499.296875,0.765625
19500.078125,0.781250
19500.859375,0.781250
19501.656250,0.796875
19502.421875,0.765625
19503.187500,0.765625
19503.953125,0.765625
19504.718750,0.765625
19510.109375,0.671875
19511.046875,0.937500
19511.718750,0.671875
19512.640625,0.921875
19513.375000,0.734375
19514.125000,0.750000
19514.750000,0.625000
19515.453125,0.703125
19516.203125,0.750000
19517.031250,0.828125
19521.640625,0.765625
19522.390625,0.750000
19523.046875,0.656250
19523.750000,0.703125
19524.593750,0.843750
19525.359375,0.765625
19526.109375,0.750000
19526.875000,0.765625
19527.687500,0.812500
19533.796875,0.703125
19534.468750,0.671875
19535.203125,0.734375
19535.984375,0.781250
19536.781250,0.796875
19537.546875,0.765625
19538.421875,0.875000
19543.828125,0.687500
19544.625000,0.796875
19552.640625,0.750000
19553.375000,0.734375
19554.015625,0.640625
19558.109375,0.921875
19564.500000,0.781250
19565.296875,0.796875
19566.046875,0.750000
19566.703125,0.656250
19567.593750,0.890625
19568.406250,0.812500
19569.203125,0.796875
19570.000000,0.796875
19570.656250,0.656250
19571.562500,0.906250
19572.375000,0.812500
19573.171875,0.796875
19573.937500,0.765625
19574.609375,0.671875
19575.484375,0.875000
19576.171875,0.687500
19577.078125,0.906250
19577.843750,0.765625
19578.640625,0.796875
19579.406250,0.765625
19580.187500,0.781250
19588.125000,0.765625
19588.937500,0.812500
19589.687500,0.750000
19590.453125,0.765625
19591.234375,0.781250
19592.000000,0.765625
19592.812500,0.812500
19593.578125,0.765625
19594.375000,0.796875
19595.031250,0.656250
19595.812500,0.781250
19596.765625,0.953125
19600.515625,0.625000
19601.328125,0.812500
19602.078125,0.750000
19603.000000,0.921875
19603.796875,0.796875
19604.593750,0.796875
19605.234375,0.640625
19606.031250,0.796875
19606.937500,0.906250
19607.718750,0.781250
19608.500000,0.781250
19609.343750,0.843750
19610.140625,0.796875
19610.937500,0.796875
19611.593750,0.656250
19612.375000,0.781250
19613.296875,0.921875
19614.109375,0.812500
19614.890625,0.781250
19615.671875,0.781250
19616.421875,0.750000
19617.171875,0.750000
19617.921875,0.750000
19618.578125,0.656250
19619.328125,0.750000
19620.078125,0.750000
19620.828125,0.750000
19621.750000,0.921875
19649.296875,0.796875
19654.734375,0.687500
19655.656250,0.921875
19656.421875,0.765625
19657.296875,0.875000
19658.062500,0.765625
19661.906250,0.796875
19662.703125,0.796875
19663.343750,0.640625
19664.140625,0.796875
19665.062500,0.921875
19665.796875,0.734375
19666.546875,0.750000
19687.250000,0.656250
19687.890625,0.640625
19688.546875,0.656250
19689.296875,0.750000
19696.187500,0.671875
19696.875000,0.687500
19697.546875,0.671875
19701.765625,0.734375
19702.500000,0.734375
19703.234375,0.734375
19703.968750,0.734375
19704.671875,0.703125
19705.421875,0.750000
19717.500000,0.718750
19718.250000,0.750000
19725.671875,0.750000
19726.593750,0.921875
19727.312500,0.718750
19728.046875,0.734375
19728.781250,0.734375
19729.531250,0.750000
19730.281250,0.750000
19731.031250,0.750000
19731.765625,0.734375
19732.515625,0.750000
19733.281250,0.765625
19734.062500,0.781250
19734.843750,0.781250
19735.593750,0.750000
19741.781250,0.781250
19742.562500,0.781250
19743.359375,0.796875
19744.156250,0.796875
19744.937500,0.781250
19745.734375,0.796875
19746.531250,0.796875
19747.328125,0.796875
19748.125000,0.796875
19748.906250,0.781250
19749.687500,0.781250
19750.453125,0.765625
19756.078125,0.796875
19756.875000,0.796875
19757.656250,0.781250
19758.421875,0.765625
19759.187500,0.765625
19759.937500,0.750000
19760.703125,0.765625
19782.484375,0.656250
19783.156250,0.671875
19783.828125,0.671875
19784.515625,0.687500
19788.734375,0.703125
19789.437500,0.703125
19790.156250,0.718750
19795.281250,0.750000
19796.031250,0.750000
19796.781250,0.750000
19797.546875,0.765625
19798.281250,0.734375
19799.000000,0.718750
19799.734375,0.734375
19800.453125,0.718750
19801.187500,0.734375
19801.968750,0.781250
19802.625000,0.656250
19803.359375,0.734375
19804.093750,0.734375
19804.859375,0.765625
19805.625000,0.765625
19806.375000,0.750000
19807.125000,0.750000
19807.875000,0.750000
19808.625000,0.750000
19809.390625,0.765625
19814.718750,0.765625
19815.500000,0.781250
19816.296875,0.796875
19817.140625,0.843750
19817.921875,0.781250
19818.703125,0.781250
19819.500000,0.796875
19824.734375,0.625000
19825.531250,0.796875
19841.687500,0.734375
19842.468750,0.781250
19843.265625,0.796875
19843.953125,0.687500
19844.875000,0.921875
19855.281250,0.843750
19856.031250,0.750000
19856.765625,0.734375
19857.515625,0.750000
19861.968750,0.750000
19862.687500,0.718750
19863.421875,0.734375
19864.140625,0.718750
19864.859375,0.718750
19865.609375,0.750000
19866.343750,0.734375
19867.109375,0.765625
19867.875000,0.765625
19868.656250,0.781250
19869.468750,0.812500
19870.265625,0.796875
19871.046875,0.781250
19871.796875,0.750000
19872.578125,0.781250
19873.343750,0.765625
19874.109375,0.765625
19874.843750,0.734375
19875.578125,0.734375
19876.343750,0.765625
19877.109375,0.765625
19877.875000,0.765625
19878.656250,0.781250
19879.453125,0.796875
19880.234375,0.781250
19881.062500,0.828125
19881.875000,0.812500
19882.671875,0.796875
19883.453125,0.781250
19884.187500,0.734375
19884.953125,0.765625
19885.703125,0.750000
19886.468750,0.765625
19887.250000,0.781250
19888.046875,0.796875
19888.843750,0.796875
19889.609375,0.765625
19890.406250,0.796875
19891.187500,0.781250
19891.968750,0.781250
19892.750000,0.781250
19893.562500,0.812500
19894.375000,0.812500
19895.187500,0.812500
19895.984375,0.796875
19896.796875,0.812500
19897.593750,0.796875
19901.390625,0.734375
19902.140625,0.750000
19902.890625,0.750000
19903.625000,0.734375
19904.375000,0.750000
19905.078125,0.703125
19905.812500,0.734375
19906.687500,0.875000
19907.406250,0.718750
19908.125000,0.718750
19908.828125,0.703125
19909.546875,0.718750
19910.250000,0.703125
19910.968750,0.718750
19911.703125,0.734375
19912.437500,0.734375
19913.156250,0.718750
19913.890625,0.734375
19914.625000,0.734375
19915.343750,0.718750
19916.078125,0.734375
19916.796875,0.718750
19917.531250,0.734375
19918.265625,0.734375
19919.000000,0.734375
19919.750000,0.750000
19920.531250,0.781250
19921.312500,0.781250
19922.109375,0.796875
19922.906250,0.796875
19923.703125,0.796875
19924.484375,0.781250
19925.281250,0.796875
19926.062500,0.781250
19926.843750,0.781250
19927.609375,0.765625
19928.375000,0.765625
19929.156250,0.781250
19929.937500,0.781250
19930.734375,0.796875
19931.515625,0.781250
19932.312500,0.796875
19933.125000,0.812500
19933.921875,0.796875
19934.734375,0.812500
19935.531250,0.796875
19936.328125,0.796875
19937.109375,0.781250
19937.890625,0.781250
19938.656250,0.765625
19939.421875,0.765625
19940.187500,0.765625
19940.968750,0.781250
19941.765625,0.796875
19942.421875,0.656250
19945.734375,0.750000
19946.515625,0.781250
19951.859375,0.796875
19952.656250,0.796875
19953.468750,0.812500
19954.265625,0.796875
19955.078125,0.812500
19955.859375,0.781250
19956.656250,0.796875
19957.406250,0.750000
19958.171875,0.765625
19958.937500,0.765625
19959.687500,0.750000
19960.437500,0.750000
19961.203125,0.765625
19961.953125,0.750000
19962.734375,0.781250
19963.515625,0.781250
19964.343750,0.828125
19965.156250,0.812500
19965.953125,0.796875
19966.921875,0.968750
19967.687500,0.765625
19968.468750,0.781250
19969.265625,0.796875
19970.046875,0.781250
19970.843750,0.796875
19971.640625,0.796875
19972.421875,0.781250
19973.218750,0.796875
19974.000000,0.781250
19974.796875,0.796875
19975.609375,0.812500
19976.421875,0.812500
19977.218750,0.796875
19978.015625,0.796875
19978.828125,0.812500
19979.640625,0.812500
19980.453125,0.812500
19981.250000,0.796875
19982.062500,0.812500
19982.859375,0.796875
19983.687500,0.828125
19984.500000,0.812500
19985.312500,0.812500
19986.109375,0.796875
19986.921875,0.812500
19987.734375,0.812500
19988.562500,0.828125
19989.390625,0.828125
19990.187500,0.796875
19991.000000,0.812500
19991.765625,0.765625
19992.546875,0.781250
19993.296875,0.750000
19994.062500,0.765625
19994.843750,0.781250
19995.609375,0.765625
19996.406250,0.796875
19997.203125,0.796875
19998.000000,0.796875
19998.812500,0.812500
19999.609375,0.796875
20004.265625,0.796875
20005.046875,0.781250
20005.828125,0.781250
20006.562500,0.734375
20007.343750,0.781250
20008.109375,0.765625
20008.890625,0.781250
20009.703125,0.812500
20010.562500,0.859375
20011.437500,0.875000
20012.265625,0.828125
20013.125000,0.859375
20013.937500,0.812500
20014.750000,0.812500
20015.546875,0.796875
20016.312500,0.765625
20017.093750,0.781250
20017.843750,0.750000
20018.593750,0.750000
20019.359375,0.765625
20020.125000,0.765625
20020.937500,0.812500
20021.750000,0.812500
20022.593750,0.843750
20023.437500,0.843750
20024.234375,0.796875
20025.046875,0.812500
20025.843750,0.796875
20026.609375,0.765625
20027.406250,0.796875
20028.156250,0.750000
20028.937500,0.781250
20029.703125,0.765625
20030.453125,0.750000
20031.218750,0.765625
20031.968750,0.750000
20032.703125,0.734375
20033.421875,0.718750
20034.156250,0.734375
20034.906250,0.750000
20035.687500,0.781250
20042.656250,0.781250
20043.453125,0.796875
20044.218750,0.765625
20045.000000,0.781250
20045.781250,0.781250
20046.546875,0.765625
20047.328125,0.781250
20048.093750,0.765625
20048.859375,0.765625
20049.625000,0.765625
20050.375000,0.750000
20051.140625,0.765625
20058.953125,0.765625
20059.718750,0.765625
20060.500000,0.781250
20061.265625,0.765625
20062.031250,0.765625
20062.796875,0.765625
20063.546875,0.750000
20064.203125,0.656250
20065.062500,0.859375
20065.828125,0.765625
20066.593750,0.765625
20067.359375,0.765625
20068.156250,0.796875
20068.937500,0.781250
20069.718750,0.781250
20070.515625,0.796875
20071.312500,0.796875
20072.093750,0.781250
20072.875000,0.781250
20073.671875,0.796875
20074.437500,0.765625
20075.203125,0.765625
20075.921875,0.718750
20076.656250,0.734375
20077.375000,0.718750
20078.078125,0.703125
20078.796875,0.718750
20079.546875,0.750000
20080.328125,0.781250
20081.093750,0.765625
20081.875000,0.781250
20082.687500,0.812500
20083.500000,0.812500
20084.312500,0.812500
20085.093750,0.781250
20085.890625,0.796875
20086.671875,0.781250
20087.625000,0.953125
20088.390625,0.765625
20089.187500,0.796875
20089.953125,0.765625
20090.734375,0.781250
20091.484375,0.750000
20092.250000,0.765625
20093.000000,0.750000
20093.765625,0.765625
20094.562500,0.796875
20095.312500,0.750000
20096.109375,0.796875
20096.890625,0.781250
20097.703125,0.812500
20098.515625,0.812500
20099.296875,0.781250
20100.109375,0.812500
20100.906250,0.796875
20101.687500,0.781250
20102.468750,0.781250
20103.250000,0.781250
20104.015625,0.765625
20104.750000,0.734375
20105.500000,0.750000
20106.250000,0.750000
20107.000000,0.750000
20107.765625,0.765625
20108.546875,0.781250
20113.125000,0.765625
20113.875000,0.750000
20114.656250,0.781250
20115.421875,0.765625
20116.203125,0.781250
20117.000000,0.796875
20117.781250,0.781250
20118.578125,0.796875
20119.359375,0.781250
20120.140625,0.781250
20120.906250,0.765625
20128.484375,0.781250
20129.265625,0.781250
20130.031250,0.765625
20130.812500,0.781250
20131.593750,0.781250
20132.359375,0.765625
20133.156250,0.796875
20133.953125,0.796875
20134.734375,0.781250
20135.515625,0.781250
20136.296875,0.781250
20137.062500,0.765625
20137.859375,0.796875
20138.671875,0.812500
20139.484375,0.812500
20140.281250,0.796875
20141.093750,0.812500
20141.906250,0.812500
20142.687500,0.781250
20143.468750,0.781250
20144.265625,0.796875
20145.031250,0.765625
20145.812500,0.781250
20146.593750,0.781250
20147.359375,0.765625
20148.156250,0.796875
20148.968750,0.812500
20149.765625,0.796875
20150.562500,0.796875
20151.343750,0.781250
20152.125000,0.781250
20152.921875,0.796875
20153.734375,0.812500
20154.468750,0.734375
20155.265625,0.796875
20156.046875,0.781250
20160.781250,0.828125
20169.703125,0.734375
20170.421875,0.718750
20175.140625,0.828125
20175.937500,0.796875
20176.750000,0.812500
20177.578125,0.828125
20178.390625,0.812500
20179.203125,0.812500
20179.984375,0.781250
20180.750000,0.765625
20181.500000,0.750000
20182.218750,0.718750
20182.937500,0.718750
20183.656250,0.718750
20184.406250,0.750000
20185.171875,0.765625
20185.937500,0.765625
20186.750000,0.812500
20191.656250,0.781250
20192.437500,0.781250
20193.234375,0.796875
20194.000000,0.765625
20194.781250,0.781250
20195.515625,0.734375
20196.265625,0.750000
20197.000000,0.734375
20197.750000,0.750000
20198.531250,0.781250
20199.328125,0.796875
20204.953125,0.796875
20205.734375,0.781250
20206.515625,0.781250
20207.281250,0.765625
20208.062500,0.781250
20208.828125,0.765625
20209.578125,0.750000
20210.328125,0.750000
20211.078125,0.750000
20211.843750,0.765625
20212.593750,0.750000
20217.171875,0.765625
20217.937500,0.765625
20218.687500,0.750000
20219.453125,0.765625
20220.218750,0.765625
20221.000000,0.781250
20221.750000,0.750000
20222.531250,0.781250
20223.265625,0.734375
20224.031250,0.765625
20224.765625,0.734375
20225.515625,0.750000
20226.312500,0.796875
20227.093750,0.781250
20227.875000,0.781250
20228.671875,0.796875
20229.453125,0.781250
20230.250000,0.796875
20231.031250,0.781250
20235.578125,0.750000
20236.296875,0.718750
20237.062500,0.765625
20237.796875,0.734375
20238.515625,0.718750
20239.296875,0.781250
20240.062500,0.765625
20240.828125,0.765625
20241.640625,0.812500
20242.453125,0.812500
20243.250000,0.796875
20244.046875,0.796875
20244.843750,0.796875
20245.625000,0.781250
20246.390625,0.765625
20247.156250,0.765625
20247.921875,0.765625
20248.671875,0.750000
20249.421875,0.750000
20250.171875,0.750000
20250.937500,0.765625
20251.718750,0.781250
20252.531250,0.812500
20253.343750,0.812500
20254.125000,0.781250
20254.906250,0.781250
20255.687500,0.781250
20256.328125,0.640625
20262.156250,0.812500
20262.953125,0.796875
20263.718750,0.765625
20264.500000,0.781250
20265.265625,0.765625
20266.015625,0.750000
20266.781250,0.765625
20267.703125,0.921875
20268.437500,0.734375
20275.859375,0.843750
20276.734375,0.875000
20277.562500,0.828125
20278.359375,0.796875
20282.953125,0.750000
20283.734375,0.781250
20284.515625,0.781250
20285.312500,0.796875
20286.109375,0.796875
20286.921875,0.812500
20287.750000,0.828125
20288.546875,0.796875
20289.359375,0.812500
20290.140625,0.781250
20290.921875,0.781250
20291.718750,0.796875
20292.500000,0.781250
20293.296875,0.796875
20294.078125,0.781250
20294.875000,0.796875
20295.687500,0.812500
20296.468750,0.781250
20297.281250,0.812500
20298.078125,0.796875
20298.875000,0.796875
20299.656250,0.781250
20300.437500,0.781250
20301.234375,0.796875
20302.015625,0.781250
20302.796875,0.781250
20303.609375,0.812500
20304.421875,0.812500
20305.062500,0.640625
20309.218750,0.781250
20310.000000,0.781250
20310.796875,0.796875
20311.546875,0.750000
20312.328125,0.781250
20313.140625,0.812500
20313.937500,0.796875
20314.781250,0.843750
20315.593750,0.812500
20316.406250,0.812500
20317.187500,0.781250
20317.984375,0.796875
20318.765625,0.781250
20319.531250,0.765625
20320.265625,0.734375
20321.015625,0.750000
20321.750000,0.734375
20322.484375,0.734375
20323.234375,0.750000
20323.984375,0.750000
20324.734375,0.750000
20325.500000,0.765625
20326.281250,0.781250
20327.046875,0.765625
20327.796875,0.750000
20328.609375,0.812500
20329.406250,0.796875
20330.203125,0.796875
20330.968750,0.765625
20331.734375,0.765625
20332.515625,0.781250
20333.265625,0.750000
20334.015625,0.750000
20334.765625,0.750000
20335.515625,0.750000
20336.312500,0.796875
20337.093750,0.781250
20337.875000,0.781250
20338.656250,0.781250
20339.421875,0.765625
20340.203125,0.781250
20340.968750,0.765625
20341.734375,0.765625
20342.484375,0.750000
20343.265625,0.781250
20344.031250,0.765625
20344.796875,0.765625
20345.562500,0.765625
20346.343750,0.781250
20347.109375,0.765625
20351.640625,0.765625
20352.375000,0.734375
20353.125000,0.750000
20353.859375,0.734375
20354.593750,0.734375
20355.343750,0.750000
20356.093750,0.750000
20356.828125,0.734375
20357.562500,0.734375
20358.328125,0.765625
20359.093750,0.765625
20359.875000,0.781250
20360.656250,0.781250
20361.421875,0.765625
20362.187500,0.765625
20362.953125,0.765625
20363.703125,0.750000
20364.468750,0.765625
20365.234375,0.765625
20366.031250,0.796875
20370.765625,0.781250
20371.546875,0.781250
20372.328125,0.781250
20373.093750,0.765625
20373.890625,0.796875
20374.687500,0.796875
20375.468750,0.781250
20380.156250,0.765625
20380.921875,0.765625
20381.687500,0.765625
20382.328125,0.640625
20386.375000,0.796875
20387.156250,0.781250
20388.093750,0.937500
20388.859375,0.765625
20389.625000,0.765625
20390.390625,0.765625
20391.140625,0.750000
20391.890625,0.750000
20392.640625,0.750000
20393.390625,0.750000
20394.156250,0.765625
20394.906250,0.750000
20395.656250,0.750000
20396.390625,0.734375
20397.140625,0.750000
20397.875000,0.734375
20398.656250,0.781250
20399.406250,0.750000
20400.156250,0.750000
20400.921875,0.765625
20401.671875,0.750000
20402.468750,0.796875
20403.281250,0.812500
20404.078125,0.796875
20404.890625,0.812500
20405.703125,0.812500
20406.500000,0.796875
20407.312500,0.812500
20408.078125,0.765625
20408.843750,0.765625
20409.593750,0.750000
20410.312500,0.718750
20411.046875,0.734375
20411.812500,0.765625
20412.531250,0.718750
20413.312500,0.781250
20414.109375,0.796875
20414.906250,0.796875
20415.734375,0.828125
20416.562500,0.828125
20417.359375,0.796875
20418.171875,0.812500
20418.968750,0.796875
20419.734375,0.765625
20420.515625,0.781250
20421.296875,0.781250
20422.046875,0.750000
20422.828125,0.781250
20423.625000,0.796875
20424.421875,0.796875
20425.250000,0.828125
20426.078125,0.828125
20426.890625,0.812500
20427.718750,0.828125
20428.546875,0.828125
20429.375000,0.828125
20430.187500,0.812500
20430.968750,0.781250
20431.765625,0.796875
20432.546875,0.781250
20433.312500,0.765625
20434.046875,0.734375
20434.781250,0.734375
20435.531250,0.750000
20436.281250,0.750000
20437.031250,0.750000
20437.812500,0.781250
20438.609375,0.796875
20439.265625,0.656250
20440.187500,0.921875
20440.968750,0.781250
20441.734375,0.765625
20442.484375,0.750000
20443.218750,0.734375
20443.968750,0.750000
20444.718750,0.750000
20445.515625,0.796875
20446.265625,0.750000
20447.031250,0.765625
20447.828125,0.796875
20448.593750,0.765625
20449.390625,0.796875
20450.171875,0.781250
20450.921875,0.750000
20451.671875,0.750000
20452.437500,0.765625
20453.187500,0.750000
20453.953125,0.765625
20458.437500,0.750000
20459.187500,0.750000
20459.953125,0.765625
20460.734375,0.781250
20466.843750,0.703125
20467.546875,0.703125
20468.234375,0.687500
20468.921875,0.687500
20469.656250,0.734375
20470.390625,0.734375
20471.187500,0.796875
20471.953125,0.765625
20472.734375,0.781250
20473.500000,0.765625
20474.281250,0.781250
20475.046875,0.765625
20475.812500,0.765625
20476.578125,0.765625
20477.359375,0.781250
20478.156250,0.796875
20478.921875,0.765625
20479.609375,0.687500
20480.484375,0.875000
20481.250000,0.765625
20482.000000,0.750000
20482.734375,0.734375
20483.453125,0.718750
20484.203125,0.750000
20484.953125,0.750000
20485.671875,0.718750
20486.421875,0.750000
20487.187500,0.765625
20487.968750,0.781250
20488.750000,0.781250
20489.531250,0.781250
20490.328125,0.796875
20491.109375,0.781250
20491.875000,0.765625
20492.625000,0.750000
20493.375000,0.750000
20494.140625,0.765625
20494.890625,0.750000
20495.640625,0.750000
20496.406250,0.765625
20497.156250,0.750000
20497.937500,0.781250
20498.718750,0.781250
20499.500000,0.781250
20500.265625,0.765625
20501.062500,0.796875
20501.843750,0.781250
20502.656250,0.812500
20503.468750,0.812500
20504.265625,0.796875
20505.046875,0.781250
20505.812500,0.765625
20506.562500,0.750000
20507.328125,0.765625
20508.093750,0.765625
20508.875000,0.781250
20509.640625,0.765625
20510.437500,0.796875
20511.265625,0.828125
20512.078125,0.812500
20512.906250,0.828125
20513.734375,0.828125
20514.546875,0.812500
20515.359375,0.812500
20516.140625,0.781250
20516.921875,0.781250
20517.671875,0.750000
20518.406250,0.734375
20519.140625,0.734375
20519.859375,0.718750
20520.609375,0.750000
20521.359375,0.750000
20522.140625,0.781250
20522.937500,0.796875
20523.734375,0.796875
20524.531250,0.796875
20525.328125,0.796875
20526.078125,0.750000
20526.859375,0.781250
20527.625000,0.765625
20528.390625,0.765625
20529.171875,0.781250
20529.968750,0.796875
20530.750000,0.781250
20531.500000,0.750000
20532.281250,0.781250
20533.015625,0.734375
20533.781250,0.765625
20534.546875,0.765625
20535.312500,0.765625
20536.125000,0.812500
20536.937500,0.812500
20537.718750,0.781250
20538.500000,0.781250
20539.296875,0.796875
20540.078125,0.781250
20692.562500,0.437500
20692.937500,0.375000
20693.343750,0.406250
20693.734375,0.390625
20694.156250,0.421875
20694.531250,0.375000
20694.906250,0.375000
20695.375000,0.468750
20695.703125,0.328125
20696.078125,0.375000
20696.437500,0.359375
20696.906250,0.468750
20728.562500,0.312500
20728.906250,0.343750
20729.281250,0.375000
20760.515625,0.312500
20760.828125,0.312500
20761.234375,0.406250
20761.593750,0.359375
20761.968750,0.375000
20762.359375,0.390625
20762.718750,0.359375
20763.078125,0.359375
20763.437500,0.359375
20763.812500,0.375000
20764.156250,0.343750
20770.578125,0.359375
20779.390625,0.328125
20779.781250,0.390625
20783.546875,0.390625
20783.968750,0.421875
20784.281250,0.312500
20784.625000,0.343750
20787.578125,0.406250
20787.906250,0.328125
20788.359375,0.453125
20788.671875,0.312500
20789.078125,0.406250
20789.406250,0.328125
20789.812500,0.406250
20793.812500,0.343750
20794.187500,0.375000
20794.531250,0.343750
20794.953125,0.421875
20795.265625,0.312500
20795.671875,0.406250
20796.015625,0.343750
20798.953125,0.343750
20802.453125,0.437500
20804.250000,0.328125
20804.640625,0.390625
20805.031250,0.390625
20805.359375,0.328125
20805.750000,0.390625
20806.140625,0.390625
20806.546875,0.406250
20806.906250,0.359375
20807.312500,0.406250
20807.734375,0.421875
20808.078125,0.343750
20808.421875,0.343750
20808.796875,0.375000
20809.140625,0.343750
20809.531250,0.390625
20809.906250,0.375000
20810.312500,0.406250
20810.734375,0.421875
20811.125000,0.390625
20811.531250,0.406250
20811.859375,0.328125
20812.312500,0.453125
20817.765625,0.359375
20818.171875,0.406250
20818.515625,0.343750
20818.875000,0.359375
20819.234375,0.359375
20819.687500,0.453125
20821.500000,0.343750
20821.828125,0.328125
20824.406250,0.328125
20824.843750,0.437500
20832.359375,0.343750
20832.703125,0.343750
20833.109375,0.406250
20833.500000,0.390625
20833.843750,0.343750
20834.250000,0.406250
20834.609375,0.359375
20834.984375,0.375000
20835.312500,0.328125
20835.734375,0.421875
20837.515625,0.312500
20844.859375,0.359375
20845.296875,0.437500
20847.109375,0.390625
20847.531250,0.421875
20847.859375,0.328125
20848.234375,0.375000
20848.625000,0.390625
20849.031250,0.406250
20852.203125,0.406250
20873.453125,0.312500
20873.859375,0.406250
20874.203125,0.343750
20874.625000,0.421875
20874.968750,0.343750
20875.281250,0.312500
20875.671875,0.390625
20876.015625,0.343750
20876.406250,0.390625
20876.859375,0.453125
20879.781250,0.437500
20880.093750,0.312500
20880.453125,0.359375
20880.796875,0.343750
20881.250000,0.453125
20887.015625,0.406250
20887.328125,0.312500
20887.671875,0.343750
20888.000000,0.328125
20888.359375,0.359375
20888.734375,0.375000
20889.093750,0.359375
20889.453125,0.359375
20889.843750,0.390625
20890.156250,0.312500
20890.515625,0.359375
20890.875000,0.359375
20891.187500,0.312500
20891.546875,0.359375
20891.953125,0.406250
20892.281250,0.328125
20894.062500,0.375000
20894.390625,0.328125
20894.781250,0.390625
20958.281250,0.453125
20958.609375,0.328125
20958.984375,0.375000
20959.328125,0.343750
20963.078125,0.328125
20965.062500,0.437500
20972.781250,0.328125
20973.140625,0.359375
20973.500000,0.359375
20973.890625,0.390625
20974.250000,0.359375
20974.609375,0.359375
20975.000000,0.390625
20975.406250,0.406250
20975.765625,0.359375
20976.187500,0.421875
20976.500000,0.312500
20976.859375,0.359375
20977.234375,0.375000
20977.671875,0.437500
20977.984375,0.312500
20978.406250,0.421875
20978.750000,0.343750
20979.140625,0.390625
20979.500000,0.359375
20979.875000,0.375000
20980.234375,0.359375
20980.625000,0.390625
20980.953125,0.328125
20981.265625,0.312500
20981.656250,0.390625
20985.843750,0.375000
20986.218750,0.375000
20986.656250,0.437500
20986.984375,0.328125
20987.343750,0.359375
20987.765625,0.421875
20988.109375,0.343750
20988.421875,0.312500
21031.156250,0.312500
21031.593750,0.437500
21031.921875,0.328125
21049.000000,0.656250
21050.843750,0.343750
21051.312500,0.468750
21065.031250,0.328125
21065.437500,0.406250
21065.828125,0.390625
21122.140625,0.421875
21122.531250,0.390625
21122.921875,0.390625
21123.281250,0.359375
21123.687500,0.406250
21124.031250,0.343750
21124.359375,0.328125
21124.796875,0.437500
21125.171875,0.375000
21125.562500,0.390625
21125.984375,0.421875
21126.343750,0.359375
21144.968750,0.328125
21164.187500,0.437500
21164.515625,0.328125
21164.968750,0.453125
21165.406250,0.437500
21179.765625,0.390625
21180.156250,0.390625
21182.000000,0.375000
21182.375000,0.375000
21182.765625,0.390625
21183.265625,0.500000
21185.937500,0.390625
21186.265625,0.328125
21186.718750,0.453125
21234.078125,0.343750
21234.437500,0.359375
21234.859375,0.421875
21235.265625,0.406250
21238.984375,0.359375
21239.437500,0.453125
21255.187500,0.375000
21255.593750,0.406250
21255.921875,0.328125
21256.312500,0.390625
21258.140625,0.312500
21293.375000,0.375000
21301.390625,0.359375
21301.781250,0.390625
21314.750000,0.703125
21315.453125,0.703125
21316.140625,0.687500
21316.859375,0.718750
21317.578125,0.718750
21318.281250,0.703125
21319.000000,0.718750
21319.703125,0.703125
21320.406250,0.703125
21321.109375,0.703125
21321.875000,0.765625
21322.578125,0.703125
21323.156250,0.578125
21333.765625,0.765625
21334.531250,0.765625
21335.281250,0.750000
21336.015625,0.734375
21336.796875,0.781250
21337.531250,0.734375
21338.281250,0.750000
21339.031250,0.750000
21339.796875,0.765625
21340.546875,0.750000
21341.296875,0.750000
21342.046875,0.750000
21342.781250,0.734375
21343.546875,0.765625
21344.281250,0.734375
21345.031250,0.750000
21345.781250,0.750000
21346.531250,0.750000
21347.265625,0.734375
21348.031250,0.765625
21348.765625,0.734375
21349.687500,0.921875
21350.453125,0.765625
21351.187500,0.734375
21351.953125,0.765625
21352.687500,0.734375
21353.468750,0.781250
21354.234375,0.765625
21355.031250,0.796875
21355.812500,0.781250
21356.593750,0.781250
21357.390625,0.796875
21358.187500,0.796875
21358.984375,0.796875
21359.781250,0.796875
21366.062500,0.796875
21366.843750,0.781250
21367.609375,0.765625
21368.359375,0.750000
21369.109375,0.750000
21369.875000,0.765625
21370.640625,0.765625
21371.390625,0.750000
21372.171875,0.781250
21372.968750,0.796875
21373.640625,0.671875
21374.500000,0.859375
21375.281250,0.781250
21376.046875,0.765625
21376.812500,0.765625
21377.562500,0.750000
21378.312500,0.750000
21379.062500,0.750000
21379.812500,0.750000
21534.515625,0.921875
21633.031250,0.796875
21633.671875,0.640625
21634.375000,0.703125
21635.062500,0.687500
21635.859375,0.796875
21664.109375,0.718750
21664.890625,0.781250
21665.625000,0.734375
21666.437500,0.812500
21667.171875,0.734375
21701.265625,0.640625
21701.921875,0.656250
21869.812500,0.765625
21870.656250,0.843750
21871.375000,0.718750
21872.109375,0.734375
21897.546875,0.343750
21897.921875,0.375000
21898.328125,0.406250
21975.359375,0.640625
21975.984375,0.625000
22302.578125,0.578125
22701.734375,0.671875
22702.453125,0.718750
22703.140625,0.687500
22739.546875,0.750000
22740.296875,0.750000
22741.140625,0.843750
22741.875000,0.734375
22742.625000,0.750000
22743.328125,0.703125
22744.203125,0.875000
22745.000000,0.796875
22745.671875,0.671875
22746.609375,0.937500
23576.125000,0.593750
23598.312500,0.781250
23599.343750,1.031250
23613.234375,0.718750
23613.875000,0.640625
23614.656250,0.781250
23688.531250,0.500000
23688.921875,0.390625
23689.343750,0.421875
23817.359375,0.468750
23858.671875,0.453125
23859.171875,0.500000
23859.562500,0.390625
23977.359375,0.640625
23982.093750,0.781250
24084.843750,0.781250
24085.531250,0.687500
24107.843750,0.796875
24108.656250,0.812500
24300.390625,0.671875
24301.125000,0.734375
24301.875000,0.750000
24302.546875,0.671875
24308.500000,0.765625
24309.203125,0.703125
24309.890625,0.687500
24310.578125,0.687500
24311.468750,0.890625
24312.171875,0.703125
24312.796875,0.625000
24313.546875,0.750000
24314.218750,0.671875
24314.812500,0.593750
24329.781250,0.671875
24348.156250,0.984375
24423.062500,0.515625
24423.640625,0.578125
24424.109375,0.468750
24454.500000,0.406250
24456.343750,0.375000
24456.812500,0.468750
24457.218750,0.406250
24457.671875,0.453125
24458.156250,0.484375
24458.593750,0.437500
24459.015625,0.421875
24459.359375,0.343750
24512.906250,0.343750
24513.281250,0.375000
24516.953125,0.484375
24521.937500,0.375000
24533.234375,0.468750
24533.796875,0.562500
24534.312500,0.515625
24536.453125,0.515625
24539.687500,0.468750
24543.375000,0.375000
24543.718750,0.343750
24544.187500,0.468750
24544.687500,0.500000
24545.234375,0.546875
24545.656250,0.421875
24546.062500,0.406250
24546.406250,0.343750
24546.718750,0.312500
24564.859375,0.343750
24565.265625,0.406250
24565.671875,0.406250
24566.078125,0.406250
24566.421875,0.343750
24566.812500,0.390625
24567.187500,0.375000
24567.609375,0.421875
24568.093750,0.484375
24568.656250,0.562500
24569.093750,0.437500
24569.578125,0.484375
24579.562500,0.421875
24579.921875,0.359375
24580.312500,0.390625
24580.687500,0.375000
24581.140625,0.453125
24581.468750,0.328125
24581.890625,0.421875
24582.281250,0.390625
24582.718750,0.437500
24583.078125,0.359375
24583.500000,0.421875
24583.843750,0.343750
24584.265625,0.421875
24584.593750,0.328125
24584.953125,0.359375
24585.343750,0.390625
24585.812500,0.468750
24586.156250,0.343750
24586.515625,0.359375
24586.906250,0.390625
24587.296875,0.390625
24587.687500,0.390625
24588.078125,0.390625
24588.468750,0.390625
24588.859375,0.390625
24589.265625,0.406250
24589.703125,0.437500
24590.046875,0.343750
24590.468750,0.421875
24596.312500,0.390625
24596.718750,0.406250
24597.093750,0.375000
24597.546875,0.453125
24597.906250,0.359375
24598.359375,0.453125
24624.281250,0.343750
24624.656250,0.375000
24625.031250,0.375000
24625.468750,0.437500
24625.828125,0.359375
24626.265625,0.437500
24626.609375,0.343750
24626.984375,0.375000
24627.390625,0.406250
24627.750000,0.359375
24632.031250,0.390625
24632.390625,0.359375
24635.453125,0.343750
24635.812500,0.359375
24636.171875,0.359375
24636.546875,0.375000
24636.906250,0.359375
24637.296875,0.390625
24637.656250,0.359375
24645.343750,0.453125
24649.343750,0.406250
24649.750000,0.406250
24651.968750,0.453125
24652.296875,0.328125
24652.656250,0.359375
24653.015625,0.359375
24710.562500,0.687500
24711.109375,0.546875
24711.859375,0.750000
24755.281250,0.343750
24755.703125,0.421875
24756.031250,0.328125
24756.468750,0.437500
24778.000000,0.453125
24860.687500,0.468750
24907.562500,0.781250
24992.375000,0.406250
25001.562500,0.515625
25013.984375,0.421875
25014.343750,0.359375
25035.578125,0.359375
25049.515625,0.453125
25064.750000,0.328125
25065.140625,0.390625
25116.531250,0.687500
25175.593750,0.703125
25176.312500,0.718750
25177.171875,0.859375
25320.734375,0.453125
25321.125000,0.390625
25321.500000,0.375000
25321.859375,0.359375
25403.640625,0.375000
25404.031250,0.390625
25404.390625,0.359375
25404.765625,0.375000
25405.156250,0.390625
25423.796875,0.375000
25424.187500,0.390625
25426.093750,0.375000
25426.468750,0.375000
25426.843750,0.375000
25427.250000,0.406250
25539.140625,0.359375
25539.500000,0.359375
25539.890625,0.390625
25681.218750,0.375000
25847.921875,0.546875
25848.406250,0.484375
25862.968750,0.718750
25863.718750,0.750000
25868.171875,0.750000
25868.921875,0.750000
25869.671875,0.750000
25870.437500,0.765625
25871.203125,0.765625
25871.953125,0.750000
25872.703125,0.750000
25873.406250,0.703125
25874.187500,0.781250
25874.906250,0.718750
25875.656250,0.750000
25876.421875,0.765625
25877.203125,0.781250
25877.984375,0.781250
25878.812500,0.828125
25879.609375,0.796875
25880.390625,0.781250
25881.187500,0.796875
25881.968750,0.781250
25882.750000,0.781250
25883.515625,0.765625
25884.296875,0.781250
25885.078125,0.781250
25885.875000,0.796875
25886.671875,0.796875
25887.453125,0.781250
25888.265625,0.812500
25889.062500,0.796875
25889.859375,0.796875
25890.656250,0.796875
25891.484375,0.828125
25892.265625,0.781250
25893.046875,0.781250
25893.828125,0.781250
25894.531250,0.703125
25895.375000,0.843750
25896.140625,0.765625
25896.859375,0.718750
25900.640625,0.781250
25901.375000,0.734375
25902.218750,0.843750
25903.000000,0.781250
25903.796875,0.796875
25904.593750,0.796875
25908.953125,0.609375
25913.015625,0.796875
25913.796875,0.781250
25914.609375,0.812500
25915.390625,0.781250
25916.171875,0.781250
25916.968750,0.796875
25917.734375,0.765625
25918.500000,0.765625
25940.921875,0.734375
25941.671875,0.750000
25942.562500,0.890625
25969.593750,0.765625
25977.390625,0.765625
25981.468750,0.781250
25982.421875,0.953125
25983.171875,0.750000
25983.953125,0.781250
25993.062500,0.750000
25993.812500,0.750000
26003.031250,0.796875
26003.765625,0.734375
26004.687500,0.921875
26027.500000,0.750000
26028.281250,0.781250
26207.984375,0.734375
26216.390625,0.703125
26217.093750,0.703125
26237.015625,0.890625
26255.109375,0.656250
26272.296875,0.765625
26272.890625,0.593750
26304.765625,0.828125
26510.296875,0.703125
26511.000000,0.703125
26728.921875,0.484375
26729.421875,0.500000
26729.921875,0.500000
26730.328125,0.406250
26730.703125,0.375000
26745.562500,0.593750
26788.968750,0.656250
26789.515625,0.546875
26827.781250,0.359375
26828.125000,0.343750
26828.500000,0.375000
26837.281250,0.312500
26840.375000,0.328125
27024.015625,0.937500
27121.765625,0.843750
27122.453125,0.687500
27123.250000,0.796875
27124.000000,0.750000
27146.109375,0.593750
27204.953125,0.984375
27211.265625,0.718750
27368.453125,0.515625
27368.921875,0.468750
27373.187500,0.453125
27373.718750,0.531250
27397.390625,0.500000
27425.546875,0.703125
27426.328125,0.781250
27427.093750,0.765625
27427.875000,0.781250
27428.609375,0.734375
27635.921875,0.437500
27636.546875,0.625000
27637.031250,0.484375
27637.578125,0.546875
27638.140625,0.562500
27638.671875,0.531250
27639.234375,0.562500
27675.140625,0.421875
27675.750000,0.609375
27676.234375,0.484375
27676.843750,0.609375
27679.359375,0.546875
27679.875000,0.515625
27680.312500,0.437500
27680.859375,0.546875
27681.390625,0.531250
27924.468750,0.703125
28021.890625,0.953125
28025.328125,0.687500
28032.015625,0.593750
28045.031250,0.687500
28045.750000,0.718750
28046.437500,0.687500
28047.093750,0.656250
28047.921875,0.828125
28048.640625,0.718750
28049.390625,0.750000
28050.187500,0.796875
28050.859375,0.671875
28051.718750,0.859375
28062.625000,0.828125
28063.375000,0.750000
28064.093750,0.718750
28067.562500,0.656250
28068.312500,0.750000
28069.046875,0.734375
28069.765625,0.718750
28070.453125,0.687500
28071.203125,0.750000
28071.906250,0.703125
28072.703125,0.796875
28168.812500,0.812500
28169.546875,0.734375
28453.843750,0.421875
28490.296875,0.687500
28527.593750,0.796875
28528.296875,0.703125
28529.109375,0.812500
28596.312500,0.531250
28659.734375,0.812500
28660.531250,0.796875
28661.218750,0.687500
28670.765625,0.828125
28671.578125,0.812500
28672.406250,0.828125
28673.218750,0.812500
28674.015625,0.796875
28674.812500,0.796875
28682.531250,0.781250
28683.312500,0.781250
28684.125000,0.812500
28684.921875,0.796875
28685.718750,0.796875
28686.500000,0.781250
28687.281250,0.781250
28688.078125,0.796875
28688.875000,0.796875
28689.609375,0.734375
28701.062500,0.765625
28701.828125,0.765625
28702.593750,0.765625
28703.343750,0.750000
28704.125000,0.781250
28704.921875,0.796875
28705.562500,0.640625
28706.406250,0.843750
28715.812500,0.796875
28720.515625,0.750000
28721.250000,0.734375
28722.031250,0.781250
28722.750000,0.718750
28723.500000,0.750000
28724.265625,0.765625
28725.046875,0.781250
28725.828125,0.781250
28726.640625,0.812500
28727.406250,0.765625
28728.250000,0.843750
28729.046875,0.796875
28729.812500,0.765625
28730.609375,0.796875
28731.375000,0.765625
28732.156250,0.781250
28732.937500,0.781250
28740.906250,0.796875
28741.687500,0.781250
28742.437500,0.750000
28743.203125,0.765625
28743.953125,0.750000
28744.703125,0.750000
28745.437500,0.734375
28746.203125,0.765625
28747.140625,0.937500
28751.843750,0.796875
28752.609375,0.765625
28753.375000,0.765625
28754.140625,0.765625
28754.921875,0.781250
28755.718750,0.796875
28756.468750,0.750000
28757.218750,0.750000
28757.984375,0.765625
28758.734375,0.750000
28759.484375,0.750000
28760.234375,0.750000
28761.000000,0.765625
28761.781250,0.781250
28762.546875,0.765625
28763.312500,0.765625
28764.062500,0.750000
28764.812500,0.750000
28765.531250,0.718750
28771.859375,0.687500
28772.578125,0.718750
28773.296875,0.718750
28774.031250,0.734375
28774.765625,0.734375
28775.515625,0.750000
28776.281250,0.765625
28777.062500,0.781250
28777.828125,0.765625
28778.578125,0.750000
28779.343750,0.765625
28780.078125,0.734375
28780.828125,0.750000
28781.546875,0.718750
28782.281250,0.734375
28783.015625,0.734375
28783.765625,0.750000
28784.500000,0.734375
28785.234375,0.734375
28785.984375,0.750000
28786.765625,0.781250
28787.515625,0.750000
28788.281250,0.765625
28789.015625,0.734375
28789.796875,0.781250
28790.531250,0.734375
28791.171875,0.640625
28791.968750,0.796875
28792.671875,0.703125
28793.437500,0.765625
28794.125000,0.687500
28794.796875,0.671875
28804.187500,0.750000
28804.937500,0.750000
28805.703125,0.765625
28806.453125,0.750000
28816.843750,0.703125
28817.578125,0.734375
28818.328125,0.750000
28819.046875,0.718750
28822.593750,0.609375
28823.234375,0.640625
28836.578125,0.734375
28841.578125,0.734375
28842.328125,0.750000
28843.062500,0.734375
28843.812500,0.750000
28844.562500,0.750000
28845.312500,0.750000
28846.046875,0.734375
28846.796875,0.750000
28847.578125,0.781250
28848.343750,0.765625
28849.125000,0.781250
28849.890625,0.765625
28850.671875,0.781250
28851.437500,0.765625
28852.203125,0.765625
28852.953125,0.750000
28853.703125,0.750000
28854.453125,0.750000
28855.218750,0.765625
28855.984375,0.765625
28856.750000,0.765625
28857.515625,0.765625
28858.265625,0.750000
28858.953125,0.687500
28859.765625,0.812500
28860.531250,0.765625
28865.593750,0.703125
28866.328125,0.734375
28867.234375,0.906250
28867.968750,0.734375
28868.734375,0.765625
28869.515625,0.781250
28870.265625,0.750000
